file,FFT_1
date,2020-Jun-23 17:02:11.404002
desc,
note,
ch_name,Ch4
ch_type,Auto Spectrum
x_unit,Hz
y_unit,g^2
window,Hann,1.000000e+000
weighting,None
detection,rms
overall,2.759439e-001 rms
ref_ch_name,
ref_ch_id,
ref_y_unit,
db_ref,1.000000e+000
slice,Off,0.000000e+000,
rpm,0.000000e+000
time,2020-Jun-23 17:03:11.804002
data
x,y,y(dB)
0.000000e+000,6.930526e-004,-6.318468e+001
1.250000e+000,6.923708e-004,-6.319323e+001
2.500000e+000,5.182279e-009,-1.657096e+002
3.750000e+000,1.703124e-008,-1.553751e+002
5.000000e+000,1.164339e-008,-1.586784e+002
6.250000e+000,6.849348e-009,-1.632870e+002
7.500000e+000,1.310183e-007,-1.376534e+002
8.750000e+000,5.147536e-006,-1.057680e+002
1.000000e+001,2.451614e-005,-9.221096e+001
1.125000e+001,2.148008e-005,-9.335928e+001
1.250000e+001,6.074158e-006,-1.043303e+002
1.375000e+001,6.785131e-007,-1.233688e+002
1.500000e+001,9.034318e-007,-1.208821e+002
1.625000e+001,3.027633e-006,-1.103779e+002
1.750000e+001,2.888701e-006,-1.107859e+002
1.875000e+001,6.346325e-006,-1.039496e+002
2.000000e+001,6.780234e-007,-1.233751e+002
2.125000e+001,2.982264e-006,-1.105091e+002
2.250000e+001,2.109797e-006,-1.135152e+002
2.375000e+001,1.472253e-006,-1.166403e+002
2.500000e+001,1.088431e-006,-1.192640e+002
2.625000e+001,4.780185e-006,-1.064111e+002
2.750000e+001,2.513474e-006,-1.119945e+002
2.875000e+001,6.005979e-005,-8.442832e+001
3.000000e+001,8.665985e-005,-8.124364e+001
3.125000e+001,6.564000e-006,-1.036566e+002
3.250000e+001,9.312247e-007,-1.206189e+002
3.375000e+001,6.081520e-006,-1.043198e+002
3.500000e+001,9.557292e-006,-1.003933e+002
3.625000e+001,1.477889e-006,-1.166072e+002
3.750000e+001,1.303882e-006,-1.176952e+002
3.875000e+001,2.123889e-007,-1.334574e+002
4.000000e+001,2.367988e-006,-1.125124e+002
4.125000e+001,9.588528e-008,-1.403650e+002
4.250000e+001,3.966391e-006,-1.080321e+002
4.375000e+001,6.642117e-006,-1.035539e+002
4.500000e+001,5.854249e-006,-1.046506e+002
4.625000e+001,4.956433e-006,-1.060966e+002
4.750000e+001,3.455954e-006,-1.092286e+002
4.875000e+001,1.608600e-007,-1.358710e+002
5.000000e+001,3.718931e-006,-1.085916e+002
5.125000e+001,2.653132e-006,-1.115248e+002
5.250000e+001,8.503574e-007,-1.214080e+002
5.375000e+001,9.523106e-007,-1.204244e+002
5.500000e+001,2.886958e-007,-1.307912e+002
5.625000e+001,1.302050e-006,-1.177074e+002
5.750000e+001,1.519913e-006,-1.163636e+002
5.875000e+001,6.470223e-006,-1.037816e+002
6.000000e+001,4.802320e-006,-1.063710e+002
6.125000e+001,9.647628e-007,-1.203116e+002
6.250000e+001,1.162440e-006,-1.186926e+002
6.375000e+001,1.515895e-006,-1.163866e+002
6.500000e+001,1.408389e-006,-1.170255e+002
6.625000e+001,1.020137e-007,-1.398268e+002
6.750000e+001,3.782980e-008,-1.484433e+002
6.875000e+001,1.170809e-007,-1.386303e+002
7.000000e+001,7.587272e-008,-1.423983e+002
7.125000e+001,2.618369e-008,-1.516394e+002
7.250000e+001,1.033548e-008,-1.597134e+002
7.375000e+001,4.792642e-008,-1.463885e+002
7.500000e+001,4.878412e-007,-1.262344e+002
7.625000e+001,4.152875e-007,-1.276330e+002
7.750000e+001,7.830605e-008,-1.421241e+002
7.875000e+001,2.079988e-007,-1.336388e+002
8.000000e+001,2.256445e-008,-1.529315e+002
8.125000e+001,3.496448e-008,-1.491275e+002
8.250000e+001,9.254995e-008,-1.406725e+002
8.375000e+001,1.019574e-007,-1.398316e+002
8.500000e+001,1.251779e-008,-1.580494e+002
8.625000e+001,3.613653e-008,-1.488411e+002
8.750000e+001,1.116494e-008,-1.590429e+002
8.875000e+001,7.192424e-008,-1.428625e+002
9.000000e+001,2.229733e-007,-1.330349e+002
9.125000e+001,5.600363e-008,-1.450357e+002
9.250000e+001,1.526460e-007,-1.363263e+002
9.375000e+001,9.407092e-007,-1.205309e+002
9.500000e+001,5.937359e-007,-1.245281e+002
9.625000e+001,5.720358e-008,-1.448515e+002
9.750000e+001,7.254911e-007,-1.227874e+002
9.875000e+001,4.871543e-007,-1.262467e+002
1.000000e+002,2.698310e-007,-1.313782e+002
1.012500e+002,2.417371e-007,-1.323331e+002
1.025000e+002,3.280612e-009,-1.696809e+002
1.037500e+002,1.446118e-007,-1.367959e+002
1.050000e+002,1.527399e-008,-1.563209e+002
1.062500e+002,1.388844e-005,-9.714693e+001
1.075000e+002,3.196191e-005,-8.990735e+001
1.087500e+002,3.631284e-006,-1.087988e+002
1.100000e+002,3.002255e-007,-1.304510e+002
1.112500e+002,5.039868e-009,-1.659516e+002
1.125000e+002,2.021833e-008,-1.538851e+002
1.137500e+002,9.258810e-008,-1.406689e+002
1.150000e+002,1.383986e-007,-1.371774e+002
1.162500e+002,5.296937e-007,-1.255195e+002
1.175000e+002,5.489906e-007,-1.252087e+002
1.187500e+002,3.170671e-007,-1.299770e+002
1.200000e+002,4.566299e-007,-1.268087e+002
1.212500e+002,4.244603e-008,-1.474433e+002
1.225000e+002,6.301159e-007,-1.240116e+002
1.237500e+002,6.122203e-007,-1.242618e+002
1.250000e+002,7.591269e-007,-1.223937e+002
1.262500e+002,9.866549e-007,-1.201167e+002
1.275000e+002,2.910365e-007,-1.307210e+002
1.287500e+002,3.090488e-008,-1.501995e+002
1.300000e+002,2.736671e-008,-1.512555e+002
1.312500e+002,8.940835e-009,-1.609724e+002
1.325000e+002,4.394824e-009,-1.671412e+002
1.337500e+002,5.911021e-008,-1.445667e+002
1.350000e+002,8.528556e-008,-1.413825e+002
1.362500e+002,5.643017e-008,-1.449698e+002
1.375000e+002,1.204289e-007,-1.383854e+002
1.387500e+002,9.954076e-008,-1.400400e+002
1.400000e+002,1.575601e-006,-1.160511e+002
1.412500e+002,6.094432e-006,-1.043013e+002
1.425000e+002,2.537799e-006,-1.119109e+002
1.437500e+002,2.011853e-007,-1.339281e+002
1.450000e+002,1.574296e-007,-1.360583e+002
1.462500e+002,2.637422e-007,-1.315764e+002
1.475000e+002,3.363079e-008,-1.494653e+002
1.487500e+002,1.792014e-007,-1.349332e+002
1.500000e+002,7.574833e-007,-1.224125e+002
1.512500e+002,5.892316e-007,-1.245943e+002
1.525000e+002,5.238120e-007,-1.256165e+002
1.537500e+002,3.481804e-007,-1.291639e+002
1.550000e+002,2.381784e-008,-1.524620e+002
1.562500e+002,3.567072e-006,-1.089538e+002
1.575000e+002,7.198343e-006,-1.028553e+002
1.587500e+002,2.121194e-006,-1.134684e+002
1.600000e+002,3.652680e-006,-1.087478e+002
1.612500e+002,1.435723e-005,-9.685859e+001
1.625000e+002,6.786951e-006,-1.033665e+002
1.637500e+002,4.826045e-007,-1.263282e+002
1.650000e+002,2.239444e-007,-1.329972e+002
1.662500e+002,6.893020e-007,-1.232318e+002
1.675000e+002,1.541296e-006,-1.162423e+002
1.687500e+002,3.306850e-006,-1.096117e+002
1.700000e+002,6.648852e-007,-1.235451e+002
1.712500e+002,1.120400e-006,-1.190125e+002
1.725000e+002,1.069212e-005,-9.941872e+001
1.737500e+002,5.769888e-006,-1.047767e+002
1.750000e+002,5.074431e-007,-1.258923e+002
1.762500e+002,2.593673e-006,-1.117217e+002
1.775000e+002,9.769981e-008,-1.402021e+002
1.787500e+002,3.239523e-007,-1.297904e+002
1.800000e+002,3.373237e-007,-1.294391e+002
1.812500e+002,7.497045e-007,-1.225022e+002
1.825000e+002,8.351981e-007,-1.215642e+002
1.837500e+002,3.508620e-007,-1.290973e+002
1.850000e+002,5.165451e-007,-1.257378e+002
1.862500e+002,3.033266e-007,-1.303618e+002
1.875000e+002,1.216290e-005,-9.829925e+001
1.887500e+002,2.912373e-005,-9.071506e+001
1.900000e+002,1.224473e-005,-9.824102e+001
1.912500e+002,5.840844e-006,-1.046705e+002
1.925000e+002,1.608921e-007,-1.358693e+002
1.937500e+002,1.084157e-005,-9.929816e+001
1.950000e+002,1.100014e-004,-7.917204e+001
1.962500e+002,7.426489e-005,-8.258433e+001
1.975000e+002,1.497308e-006,-1.164938e+002
1.987500e+002,3.177611e-008,-1.499580e+002
2.000000e+002,1.851835e-007,-1.346480e+002
2.012500e+002,1.369587e-006,-1.172682e+002
2.025000e+002,1.074203e-006,-1.193783e+002
2.037500e+002,8.895862e-006,-1.010162e+002
2.050000e+002,1.794002e-005,-9.492354e+001
2.062500e+002,4.672719e-006,-1.066086e+002
2.075000e+002,6.606119e-007,-1.236011e+002
2.087500e+002,7.322512e-007,-1.227068e+002
2.100000e+002,2.098842e-006,-1.135604e+002
2.112500e+002,6.508199e-007,-1.237308e+002
2.125000e+002,1.298160e-006,-1.177334e+002
2.137500e+002,9.526307e-006,-1.004215e+002
2.150000e+002,1.122024e-005,-9.899995e+001
2.162500e+002,1.937152e-006,-1.142567e+002
2.175000e+002,2.611751e-007,-1.316614e+002
2.187500e+002,3.969296e-006,-1.080257e+002
2.200000e+002,1.234720e-005,-9.816863e+001
2.212500e+002,7.720314e-006,-1.022473e+002
2.225000e+002,2.267645e-006,-1.128885e+002
2.237500e+002,3.051051e-005,-9.031101e+001
2.250000e+002,3.443258e-005,-8.926061e+001
2.262500e+002,1.018094e-006,-1.198442e+002
2.275000e+002,2.654788e-007,-1.315194e+002
2.287500e+002,3.432048e-007,-1.292889e+002
2.300000e+002,7.893277e-007,-1.220549e+002
2.312500e+002,3.881021e-006,-1.082211e+002
2.325000e+002,1.323983e-005,-9.756235e+001
2.337500e+002,4.309925e-005,-8.731061e+001
2.350000e+002,5.228976e-005,-8.563167e+001
2.362500e+002,2.591387e-005,-9.172936e+001
2.375000e+002,1.264927e-005,-9.795869e+001
2.387500e+002,1.021415e-005,-9.981596e+001
2.400000e+002,1.646225e-006,-1.156702e+002
2.412500e+002,8.128104e-008,-1.418002e+002
2.425000e+002,8.563073e-006,-1.013474e+002
2.437500e+002,3.676570e-005,-8.869114e+001
2.450000e+002,1.298226e-005,-9.773299e+001
2.462500e+002,4.747344e-006,-1.064710e+002
2.475000e+002,9.000691e-006,-1.009145e+002
2.487500e+002,5.800008e-006,-1.047314e+002
2.500000e+002,6.903418e-006,-1.032187e+002
2.512500e+002,5.413432e-010,-1.853305e+002
2.525000e+002,1.489913e-005,-9.653678e+001
2.537500e+002,6.910481e-006,-1.032098e+002
2.550000e+002,1.910624e-006,-1.143765e+002
2.562500e+002,5.820458e-006,-1.047009e+002
2.575000e+002,1.778559e-006,-1.149986e+002
2.587500e+002,1.589625e-006,-1.159741e+002
2.600000e+002,4.472223e-006,-1.069895e+002
2.612500e+002,6.332586e-006,-1.039684e+002
2.625000e+002,2.701202e-006,-1.113689e+002
2.637500e+002,2.225248e-006,-1.130524e+002
2.650000e+002,9.971586e-007,-1.200247e+002
2.662500e+002,1.001774e-005,-9.998461e+001
2.675000e+002,2.352234e-005,-9.257039e+001
2.687500e+002,1.275870e-005,-9.788387e+001
2.700000e+002,7.611200e-008,-1.423709e+002
2.712500e+002,4.860959e-006,-1.062656e+002
2.725000e+002,6.162107e-006,-1.042054e+002
2.737500e+002,1.869072e-006,-1.145675e+002
2.750000e+002,1.583033e-006,-1.160102e+002
2.762500e+002,4.573618e-006,-1.067948e+002
2.775000e+002,1.409696e-006,-1.170175e+002
2.787500e+002,1.454064e-005,-9.674833e+001
2.800000e+002,2.295923e-006,-1.127809e+002
2.812500e+002,2.024107e-007,-1.338753e+002
2.825000e+002,5.775404e-006,-1.047684e+002
2.837500e+002,4.154024e-006,-1.076306e+002
2.850000e+002,1.210958e-007,-1.383374e+002
2.862500e+002,3.945285e-006,-1.080784e+002
2.875000e+002,3.989842e-006,-1.079809e+002
2.887500e+002,7.254822e-007,-1.227875e+002
2.900000e+002,3.810836e-006,-1.083796e+002
2.912500e+002,6.303591e-006,-1.040082e+002
2.925000e+002,7.417876e-006,-1.025944e+002
2.937500e+002,5.517164e-006,-1.051657e+002
2.950000e+002,1.504117e-006,-1.164544e+002
2.962500e+002,2.256284e-006,-1.129321e+002
2.975000e+002,6.533306e-005,-8.369734e+001
2.987500e+002,7.967668e-005,-8.197338e+001
3.000000e+002,1.732235e-006,-1.152279e+002
3.012500e+002,7.611250e-005,-8.237088e+001
3.025000e+002,1.277056e-004,-7.787580e+001
3.037500e+002,2.549316e-005,-9.187153e+001
3.050000e+002,1.085417e-007,-1.392881e+002
3.062500e+002,1.243763e-005,-9.810524e+001
3.075000e+002,3.653409e-005,-8.874603e+001
3.087500e+002,8.243864e-005,-8.167738e+001
3.100000e+002,7.780047e-005,-8.218036e+001
3.112500e+002,2.196787e-004,-7.316424e+001
3.125000e+002,2.669992e-004,-7.146980e+001
3.137500e+002,1.664161e-005,-9.557609e+001
3.150000e+002,2.226116e-005,-9.304904e+001
3.162500e+002,4.401857e-005,-8.712728e+001
3.175000e+002,3.557278e-005,-8.897764e+001
3.187500e+002,9.645682e-006,-1.003133e+002
3.200000e+002,5.977721e-005,-8.446929e+001
3.212500e+002,8.270446e-004,-6.164942e+001
3.225000e+002,6.414207e-004,-6.385714e+001
3.237500e+002,3.133689e-005,-9.007888e+001
3.250000e+002,2.732877e-006,-1.112676e+002
3.262500e+002,2.415489e-005,-9.233990e+001
3.275000e+002,2.087829e-004,-7.360610e+001
3.287500e+002,1.871883e-004,-7.455442e+001
3.300000e+002,1.402467e-005,-9.706214e+001
3.312500e+002,2.600550e-006,-1.116987e+002
3.325000e+002,5.853646e-006,-1.046515e+002
3.337500e+002,9.968771e-007,-1.200272e+002
3.350000e+002,1.110610e-006,-1.190888e+002
3.362500e+002,2.147792e-007,-1.333602e+002
3.375000e+002,4.365807e-007,-1.271987e+002
3.387500e+002,7.036853e-007,-1.230524e+002
3.400000e+002,8.382361e-006,-1.015327e+002
3.412500e+002,2.122036e-005,-9.346494e+001
3.425000e+002,9.315416e-006,-1.006160e+002
3.437500e+002,3.141835e-006,-1.100563e+002
3.450000e+002,6.399829e-006,-1.038766e+002
3.462500e+002,1.206751e-005,-9.836765e+001
3.475000e+002,8.632743e-006,-1.012770e+002
3.487500e+002,5.076468e-006,-1.058888e+002
3.500000e+002,2.659934e-006,-1.115026e+002
3.512500e+002,4.179051e-005,-8.757845e+001
3.525000e+002,1.776174e-005,-9.501029e+001
3.537500e+002,4.060085e-006,-1.078293e+002
3.550000e+002,6.213778e-006,-1.041329e+002
3.562500e+002,9.453875e-006,-1.004878e+002
3.575000e+002,7.059031e-005,-8.302510e+001
3.587500e+002,8.291346e-005,-8.162750e+001
3.600000e+002,1.793609e-005,-9.492545e+001
3.612500e+002,5.550571e-005,-8.511325e+001
3.625000e+002,2.180081e-006,-1.132305e+002
3.637500e+002,1.492657e-006,-1.165208e+002
3.650000e+002,6.959152e-006,-1.031489e+002
3.662500e+002,3.082729e-006,-1.102213e+002
3.675000e+002,4.878082e-006,-1.062350e+002
3.687500e+002,1.036604e-005,-9.968774e+001
3.700000e+002,1.386267e-006,-1.171631e+002
3.712500e+002,1.026963e-005,-9.976890e+001
3.725000e+002,8.424331e-006,-1.014893e+002
3.737500e+002,1.435054e-005,-9.686264e+001
3.750000e+002,3.093666e-005,-9.019053e+001
3.762500e+002,2.703210e-005,-9.136240e+001
3.775000e+002,2.011503e-006,-1.139296e+002
3.787500e+002,2.803490e-006,-1.110460e+002
3.800000e+002,1.469004e-005,-9.665954e+001
3.812500e+002,4.786688e-006,-1.063993e+002
3.825000e+002,1.143048e-005,-9.883871e+001
3.837500e+002,1.165672e-006,-1.186685e+002
3.850000e+002,3.362287e-005,-8.946730e+001
3.862500e+002,1.471430e-004,-7.664521e+001
3.875000e+002,1.673855e-004,-7.552564e+001
3.887500e+002,1.824834e-005,-9.477553e+001
3.900000e+002,4.732473e-004,-6.649824e+001
3.912500e+002,8.741191e-004,-6.116859e+001
3.925000e+002,7.460837e-005,-8.254425e+001
3.937500e+002,1.514452e-005,-9.639489e+001
3.950000e+002,4.632707e-006,-1.066833e+002
3.962500e+002,3.270460e-006,-1.097078e+002
3.975000e+002,1.522791e-005,-9.634719e+001
3.987500e+002,2.986455e-005,-9.049688e+001
4.000000e+002,4.650377e-005,-8.665024e+001
4.012500e+002,2.070199e-006,-1.136798e+002
4.025000e+002,2.942194e-006,-1.106266e+002
4.037500e+002,3.863835e-008,-1.482596e+002
4.050000e+002,8.490531e-006,-1.014213e+002
4.062500e+002,1.746669e-005,-9.515579e+001
4.075000e+002,2.528522e-005,-9.194266e+001
4.087500e+002,6.863007e-006,-1.032697e+002
4.100000e+002,1.898414e-005,-9.443218e+001
4.112500e+002,1.151480e-005,-9.877487e+001
4.125000e+002,2.206712e-005,-9.312509e+001
4.137500e+002,2.077489e-005,-9.364923e+001
4.150000e+002,6.712126e-005,-8.346280e+001
4.162500e+002,2.840758e-005,-9.093132e+001
4.175000e+002,1.092390e-005,-9.923244e+001
4.187500e+002,6.663895e-005,-8.352544e+001
4.200000e+002,4.135924e-005,-8.766855e+001
4.212500e+002,8.999960e-006,-1.009152e+002
4.225000e+002,5.094719e-007,-1.258576e+002
4.237500e+002,4.433635e-005,-8.706480e+001
4.250000e+002,3.716446e-005,-8.859744e+001
4.262500e+002,2.806949e-004,-7.103531e+001
4.275000e+002,7.135400e-006,-1.029316e+002
4.287500e+002,3.393122e-004,-6.938801e+001
4.300000e+002,1.257100e-004,-7.801260e+001
4.312500e+002,1.249522e-004,-7.806512e+001
4.325000e+002,1.166887e-005,-9.865942e+001
4.337500e+002,4.131603e-006,-1.076776e+002
4.350000e+002,5.898332e-006,-1.045854e+002
4.362500e+002,6.848472e-006,-1.032881e+002
4.375000e+002,6.401975e-006,-1.038737e+002
4.387500e+002,6.331713e-006,-1.039696e+002
4.400000e+002,1.827599e-005,-9.476238e+001
4.412500e+002,6.444928e-007,-1.238156e+002
4.425000e+002,1.321828e-005,-9.757650e+001
4.437500e+002,1.347449e-005,-9.740976e+001
4.450000e+002,1.353885e-006,-1.173684e+002
4.462500e+002,3.318249e-006,-1.095818e+002
4.475000e+002,1.000500e-005,-9.999566e+001
4.487500e+002,5.307769e-006,-1.055018e+002
4.500000e+002,2.378045e-006,-1.124756e+002
4.512500e+002,1.978749e-006,-1.140722e+002
4.525000e+002,3.269127e-007,-1.297114e+002
4.537500e+002,5.807515e-007,-1.247202e+002
4.550000e+002,6.120835e-008,-1.442638e+002
4.562500e+002,5.509806e-007,-1.251773e+002
4.575000e+002,6.797086e-006,-1.033535e+002
4.587500e+002,8.414375e-006,-1.014996e+002
4.600000e+002,1.436331e-006,-1.168549e+002
4.612500e+002,1.278806e-006,-1.178639e+002
4.625000e+002,1.042540e-006,-1.196381e+002
4.637500e+002,9.109558e-007,-1.208101e+002
4.650000e+002,3.361307e-006,-1.094698e+002
4.662500e+002,2.061366e-006,-1.137169e+002
4.675000e+002,2.688258e-005,-9.141058e+001
4.687500e+002,1.604063e-005,-9.589557e+001
4.700000e+002,1.086033e-005,-9.928314e+001
4.712500e+002,1.892411e-005,-9.445969e+001
4.725000e+002,6.159258e-005,-8.420943e+001
4.737500e+002,5.457385e-004,-6.526031e+001
4.750000e+002,1.387664e-003,-5.715431e+001
4.762500e+002,4.637109e-004,-6.667505e+001
4.775000e+002,2.138633e-004,-7.339727e+001
4.787500e+002,6.649296e-005,-8.354449e+001
4.800000e+002,3.491925e-005,-8.913870e+001
4.812500e+002,3.028183e-005,-9.037636e+001
4.825000e+002,4.790019e-005,-8.639326e+001
4.837500e+002,2.639871e-005,-9.156835e+001
4.850000e+002,3.280048e-006,-1.096824e+002
4.862500e+002,4.903522e-007,-1.261898e+002
4.875000e+002,4.876986e-006,-1.062370e+002
4.887500e+002,8.624052e-007,-1.212858e+002
4.900000e+002,5.424242e-007,-1.253132e+002
4.912500e+002,5.103531e-006,-1.058426e+002
4.925000e+002,1.103216e-006,-1.191468e+002
4.937500e+002,2.349870e-006,-1.125791e+002
4.950000e+002,2.064915e-005,-9.370196e+001
4.962500e+002,4.248409e-005,-8.743547e+001
4.975000e+002,1.485068e-004,-7.656507e+001
4.987500e+002,1.841345e-005,-9.469730e+001
5.000000e+002,3.942994e-006,-1.080835e+002
5.012500e+002,4.004776e-006,-1.079484e+002
5.025000e+002,8.665771e-006,-1.012439e+002
5.037500e+002,1.614977e-006,-1.158367e+002
5.050000e+002,1.077119e-004,-7.935472e+001
5.062500e+002,3.342602e-003,-4.951831e+001
5.075000e+002,4.593848e-003,-4.675647e+001
5.087500e+002,1.494703e-004,-7.650890e+001
5.100000e+002,1.318573e-004,-7.759791e+001
5.112500e+002,3.747158e-005,-8.852596e+001
5.125000e+002,5.861530e-006,-1.046398e+002
5.137500e+002,4.699943e-005,-8.655815e+001
5.150000e+002,1.848167e-004,-7.466518e+001
5.162500e+002,3.164155e-004,-6.999484e+001
5.175000e+002,2.911034e-004,-7.071905e+001
5.187500e+002,1.547903e-006,-1.162051e+002
5.200000e+002,3.199485e-005,-8.989840e+001
5.212500e+002,7.170993e-006,-1.028884e+002
5.225000e+002,3.244116e-006,-1.097781e+002
5.237500e+002,3.281347e-006,-1.096790e+002
5.250000e+002,9.056726e-006,-1.008606e+002
5.262500e+002,3.710573e-005,-8.861118e+001
5.275000e+002,1.555959e-005,-9.616003e+001
5.287500e+002,1.379706e-005,-9.720427e+001
5.300000e+002,1.184524e-005,-9.852912e+001
5.312500e+002,9.898903e-006,-1.000883e+002
5.325000e+002,7.444628e-006,-1.025631e+002
5.337500e+002,1.903556e-005,-9.440869e+001
5.350000e+002,3.938005e-005,-8.809447e+001
5.362500e+002,1.522087e-004,-7.635121e+001
5.375000e+002,1.488023e-004,-7.654781e+001
5.387500e+002,4.569613e-006,-1.068024e+002
5.400000e+002,5.589333e-006,-1.050528e+002
5.412500e+002,1.130210e-005,-9.893682e+001
5.425000e+002,6.560643e-006,-1.036611e+002
5.437500e+002,3.455345e-006,-1.092302e+002
5.450000e+002,3.586325e-006,-1.089070e+002
5.462500e+002,8.184689e-007,-1.217400e+002
5.475000e+002,6.636925e-007,-1.235607e+002
5.487500e+002,6.805370e-007,-1.233430e+002
5.500000e+002,5.816511e-006,-1.047067e+002
5.512500e+002,5.862218e-006,-1.046388e+002
5.525000e+002,1.874926e-006,-1.145403e+002
5.537500e+002,1.209464e-006,-1.183481e+002
5.550000e+002,1.037170e-007,-1.396830e+002
5.562500e+002,1.912282e-006,-1.143690e+002
5.575000e+002,1.387733e-006,-1.171539e+002
5.587500e+002,5.027090e-007,-1.259737e+002
5.600000e+002,6.859286e-007,-1.232744e+002
5.612500e+002,2.109955e-007,-1.335145e+002
5.625000e+002,1.041293e-006,-1.196485e+002
5.637500e+002,9.179005e-006,-1.007441e+002
5.650000e+002,6.007873e-006,-1.044256e+002
5.662500e+002,4.460547e-005,-8.701224e+001
5.675000e+002,4.335377e-005,-8.725946e+001
5.687500e+002,4.958176e-006,-1.060936e+002
5.700000e+002,1.410698e-005,-9.701132e+001
5.712500e+002,6.682324e-005,-8.350145e+001
5.725000e+002,3.704794e-005,-8.862472e+001
5.737500e+002,3.080654e-007,-1.302271e+002
5.750000e+002,2.273797e-006,-1.128650e+002
5.762500e+002,7.211483e-007,-1.228395e+002
5.775000e+002,1.145254e-006,-1.188220e+002
5.787500e+002,4.394494e-006,-1.071418e+002
5.800000e+002,4.765782e-006,-1.064373e+002
5.812500e+002,2.366109e-006,-1.125193e+002
5.825000e+002,1.814389e-006,-1.148254e+002
5.837500e+002,5.420839e-006,-1.053187e+002
5.850000e+002,1.839489e-005,-9.470606e+001
5.862500e+002,2.602061e-005,-9.169365e+001
5.875000e+002,2.452988e-006,-1.122061e+002
5.887500e+002,6.045659e-006,-1.043711e+002
5.900000e+002,3.350949e-006,-1.094966e+002
5.912500e+002,3.191599e-006,-1.099198e+002
5.925000e+002,2.473818e-006,-1.121326e+002
5.937500e+002,1.864493e-005,-9.458878e+001
5.950000e+002,3.393327e-005,-8.938749e+001
5.962500e+002,7.663650e-005,-8.231129e+001
5.975000e+002,4.903271e-005,-8.619028e+001
5.987500e+002,4.616709e-006,-1.067134e+002
6.000000e+002,1.092826e-005,-9.922898e+001
6.012500e+002,3.096654e-006,-1.101821e+002
6.025000e+002,8.871288e-006,-1.010403e+002
6.037500e+002,1.573036e-005,-9.606523e+001
6.050000e+002,2.000457e-005,-9.397742e+001
6.062500e+002,2.207471e-005,-9.312210e+001
6.075000e+002,1.115239e-005,-9.905264e+001
6.087500e+002,2.919938e-006,-1.106925e+002
6.100000e+002,8.868457e-006,-1.010430e+002
6.112500e+002,5.221548e-006,-1.056440e+002
6.125000e+002,9.795103e-006,-1.001798e+002
6.137500e+002,2.776211e-005,-9.113095e+001
6.150000e+002,4.154211e-005,-8.763023e+001
6.162500e+002,2.008413e-005,-9.394294e+001
6.175000e+002,5.351421e-006,-1.054306e+002
6.187500e+002,6.746506e-006,-1.034184e+002
6.200000e+002,3.090637e-006,-1.101990e+002
6.212500e+002,1.450847e-005,-9.676757e+001
6.225000e+002,1.030563e-005,-9.973851e+001
6.237500e+002,4.936209e-005,-8.613213e+001
6.250000e+002,4.739396e-005,-8.648554e+001
6.262500e+002,2.882216e-005,-9.080547e+001
6.275000e+002,3.307061e-006,-1.096112e+002
6.287500e+002,8.069478e-006,-1.018631e+002
6.300000e+002,4.375564e-007,-1.271793e+002
6.312500e+002,5.587815e-006,-1.050552e+002
6.325000e+002,2.842680e-005,-9.092544e+001
6.337500e+002,4.714367e-005,-8.653153e+001
6.350000e+002,7.341838e-006,-1.026839e+002
6.362500e+002,8.215482e-005,-8.170734e+001
6.375000e+002,1.913957e-005,-9.436136e+001
6.387500e+002,5.848695e-007,-1.246588e+002
6.400000e+002,3.987580e-006,-1.079858e+002
6.412500e+002,1.803402e-005,-9.487815e+001
6.425000e+002,4.897037e-004,-6.620133e+001
6.437500e+002,1.212163e-003,-5.832878e+001
6.450000e+002,2.184425e-004,-7.321326e+001
6.462500e+002,2.115102e-005,-9.349337e+001
6.475000e+002,1.768121e-005,-9.504976e+001
6.487500e+002,5.477375e-005,-8.522855e+001
6.500000e+002,5.573897e-005,-8.507682e+001
6.512500e+002,2.382765e-004,-7.245838e+001
6.525000e+002,5.880122e-005,-8.461227e+001
6.537500e+002,8.225574e-005,-8.169668e+001
6.550000e+002,7.427462e-005,-8.258319e+001
6.562500e+002,1.390160e-004,-7.713871e+001
6.575000e+002,9.648596e-005,-8.031072e+001
6.587500e+002,2.519949e-005,-9.197216e+001
6.600000e+002,6.406969e-006,-1.038669e+002
6.612500e+002,3.476374e-005,-8.917747e+001
6.625000e+002,7.350511e-005,-8.267365e+001
6.637500e+002,5.446937e-005,-8.527695e+001
6.650000e+002,3.280404e-005,-8.968145e+001
6.662500e+002,1.094111e-005,-9.921877e+001
6.675000e+002,2.158091e-006,-1.133186e+002
6.687500e+002,5.821914e-006,-1.046987e+002
6.700000e+002,2.372368e-005,-9.249636e+001
6.712500e+002,2.346548e-005,-9.259141e+001
6.725000e+002,1.553558e-005,-9.617345e+001
6.737500e+002,2.126618e-005,-9.344621e+001
6.750000e+002,2.129744e-005,-9.343345e+001
6.762500e+002,9.425616e-006,-1.005138e+002
6.775000e+002,5.754509e-006,-1.047998e+002
6.787500e+002,5.618347e-005,-8.500783e+001
6.800000e+002,2.919012e-005,-9.069528e+001
6.812500e+002,7.466601e-006,-1.025375e+002
6.825000e+002,1.332984e-005,-9.750350e+001
6.837500e+002,6.419258e-006,-1.038503e+002
6.850000e+002,1.807441e-005,-9.485872e+001
6.862500e+002,3.663333e-005,-8.872247e+001
6.875000e+002,1.659181e-005,-9.560212e+001
6.887500e+002,2.428440e-005,-9.229345e+001
6.900000e+002,1.116457e-005,-9.904316e+001
6.912500e+002,5.203979e-006,-1.056733e+002
6.925000e+002,2.467044e-005,-9.215646e+001
6.937500e+002,4.747368e-005,-8.647094e+001
6.950000e+002,3.291778e-005,-8.965139e+001
6.962500e+002,5.452320e-006,-1.052684e+002
6.975000e+002,4.431554e-006,-1.070689e+002
6.987500e+002,1.159774e-005,-9.871253e+001
7.000000e+002,1.680516e-006,-1.154911e+002
7.012500e+002,1.762478e-006,-1.150775e+002
7.025000e+002,5.875394e-006,-1.046193e+002
7.037500e+002,9.148567e-007,-1.207729e+002
7.050000e+002,2.907583e-006,-1.107294e+002
7.062500e+002,9.460853e-006,-1.004814e+002
7.075000e+002,1.431635e-005,-9.688335e+001
7.087500e+002,6.167790e-006,-1.041974e+002
7.100000e+002,1.031768e-006,-1.197284e+002
7.112500e+002,1.155548e-005,-9.874424e+001
7.125000e+002,7.735941e-006,-1.022297e+002
7.137500e+002,2.778422e-006,-1.111240e+002
7.150000e+002,3.742854e-005,-8.853594e+001
7.162500e+002,7.204316e-005,-8.284815e+001
7.175000e+002,1.072468e-005,-9.939231e+001
7.187500e+002,2.070687e-006,-1.136777e+002
7.200000e+002,3.899125e-006,-1.081807e+002
7.212500e+002,4.865807e-008,-1.462569e+002
7.225000e+002,3.297198e-006,-1.096371e+002
7.237500e+002,4.561656e-006,-1.068175e+002
7.250000e+002,1.130092e-006,-1.189377e+002
7.262500e+002,3.684649e-006,-1.086721e+002
7.275000e+002,3.623008e-006,-1.088186e+002
7.287500e+002,3.152642e-006,-1.100265e+002
7.300000e+002,3.478020e-006,-1.091734e+002
7.312500e+002,1.685873e-007,-1.354635e+002
7.325000e+002,8.717260e-007,-1.211924e+002
7.337500e+002,3.148860e-006,-1.100369e+002
7.350000e+002,8.747898e-006,-1.011619e+002
7.362500e+002,2.968684e-006,-1.105487e+002
7.375000e+002,1.309642e-005,-9.765695e+001
7.387500e+002,1.457771e-005,-9.672622e+001
7.400000e+002,3.100418e-006,-1.101716e+002
7.412500e+002,1.180388e-005,-9.855951e+001
7.425000e+002,1.967492e-005,-9.412174e+001
7.437500e+002,2.569997e-005,-9.180135e+001
7.450000e+002,4.260090e-005,-8.741162e+001
7.462500e+002,1.327083e-005,-9.754204e+001
7.475000e+002,9.364839e-006,-1.005700e+002
7.487500e+002,5.389648e-005,-8.536879e+001
7.500000e+002,1.648400e-004,-7.565875e+001
7.512500e+002,1.006276e-004,-7.994566e+001
7.525000e+002,2.253025e-006,-1.129447e+002
7.537500e+002,9.304645e-006,-1.006260e+002
7.550000e+002,1.725657e-005,-9.526091e+001
7.562500e+002,8.334565e-006,-1.015823e+002
7.575000e+002,1.386507e-005,-9.716156e+001
7.587500e+002,1.395406e-005,-9.710599e+001
7.600000e+002,6.544240e-005,-8.368282e+001
7.612500e+002,3.025977e-005,-9.038269e+001
7.625000e+002,1.252650e-005,-9.804340e+001
7.637500e+002,1.196490e-005,-9.844182e+001
7.650000e+002,3.656355e-006,-1.087390e+002
7.662500e+002,1.635019e-005,-9.572955e+001
7.675000e+002,1.622244e-005,-9.579768e+001
7.687500e+002,3.933485e-005,-8.810445e+001
7.700000e+002,5.268349e-005,-8.556651e+001
7.712500e+002,6.726898e-006,-1.034437e+002
7.725000e+002,6.714585e-006,-1.034596e+002
7.737500e+002,1.024314e-005,-9.979134e+001
7.750000e+002,1.324229e-004,-7.756074e+001
7.762500e+002,1.033763e-004,-7.971158e+001
7.775000e+002,9.102945e-006,-1.008164e+002
7.787500e+002,1.428954e-005,-9.689963e+001
7.800000e+002,1.478595e-005,-9.660302e+001
7.812500e+002,9.156109e-005,-8.076578e+001
7.825000e+002,1.088945e-004,-7.925988e+001
7.837500e+002,7.170684e-006,-1.028888e+002
7.850000e+002,9.813219e-006,-1.001638e+002
7.862500e+002,3.941263e-006,-1.080873e+002
7.875000e+002,2.909249e-007,-1.307244e+002
7.887500e+002,1.690927e-005,-9.543750e+001
7.900000e+002,2.823255e-005,-9.098500e+001
7.912500e+002,2.390807e-005,-9.242911e+001
7.925000e+002,1.964485e-005,-9.413502e+001
7.937500e+002,5.257206e-006,-1.055849e+002
7.950000e+002,8.942668e-006,-1.009707e+002
7.962500e+002,1.323904e-005,-9.756287e+001
7.975000e+002,6.440876e-006,-1.038211e+002
7.987500e+002,1.107103e-005,-9.911624e+001
8.000000e+002,2.512462e-005,-9.199801e+001
8.012500e+002,1.469360e-005,-9.665744e+001
8.025000e+002,4.162888e-006,-1.076121e+002
8.037500e+002,1.518736e-006,-1.163704e+002
8.050000e+002,2.602298e-005,-9.169286e+001
8.062500e+002,2.236571e-005,-9.300835e+001
8.075000e+002,3.991980e-006,-1.079762e+002
8.087500e+002,6.401813e-006,-1.038739e+002
8.100000e+002,5.247333e-006,-1.056012e+002
8.112500e+002,4.511338e-006,-1.069139e+002
8.125000e+002,6.710557e-006,-1.034648e+002
8.137500e+002,1.681414e-006,-1.154865e+002
8.150000e+002,3.854014e-006,-1.082817e+002
8.162500e+002,3.598780e-007,-1.288769e+002
8.175000e+002,5.606429e-006,-1.050263e+002
8.187500e+002,3.193727e-005,-8.991404e+001
8.200000e+002,1.349422e-005,-9.739704e+001
8.212500e+002,2.493957e-006,-1.120622e+002
8.225000e+002,2.378032e-006,-1.124756e+002
8.237500e+002,3.123746e-006,-1.101065e+002
8.250000e+002,8.521815e-007,-1.213894e+002
8.262500e+002,8.026321e-007,-1.219097e+002
8.275000e+002,6.451436e-006,-1.038069e+002
8.287500e+002,3.785490e-005,-8.843756e+001
8.300000e+002,1.018043e-005,-9.984468e+001
8.312500e+002,1.390877e-007,-1.371342e+002
8.325000e+002,2.703367e-006,-1.113619e+002
8.337500e+002,4.548763e-005,-8.684213e+001
8.350000e+002,1.347227e-004,-7.741118e+001
8.362500e+002,4.584023e-005,-8.677506e+001
8.375000e+002,2.019402e-005,-9.389555e+001
8.387500e+002,1.372995e-005,-9.724662e+001
8.400000e+002,6.709258e-006,-1.034665e+002
8.412500e+002,1.773662e-006,-1.150226e+002
8.425000e+002,1.845220e-005,-9.467904e+001
8.437500e+002,1.470477e-005,-9.665084e+001
8.450000e+002,5.022272e-005,-8.598200e+001
8.462500e+002,5.217694e-005,-8.565043e+001
8.475000e+002,1.004618e-005,-9.995998e+001
8.487500e+002,1.706306e-006,-1.153589e+002
8.500000e+002,6.942192e-007,-1.231701e+002
8.512500e+002,8.450017e-006,-1.014628e+002
8.525000e+002,5.629502e-006,-1.049906e+002
8.537500e+002,5.805584e-006,-1.047231e+002
8.550000e+002,1.412106e-005,-9.700265e+001
8.562500e+002,1.802622e-005,-9.488191e+001
8.575000e+002,4.034353e-005,-8.788452e+001
8.587500e+002,2.826152e-005,-9.097609e+001
8.600000e+002,2.299071e-006,-1.127690e+002
8.612500e+002,3.588128e-006,-1.089026e+002
8.625000e+002,9.311532e-007,-1.206196e+002
8.637500e+002,2.086010e-005,-9.361367e+001
8.650000e+002,8.447277e-005,-8.146566e+001
8.662500e+002,3.617761e-005,-8.883120e+001
8.675000e+002,1.101475e-005,-9.916051e+001
8.687500e+002,1.378225e-005,-9.721360e+001
8.700000e+002,6.092444e-006,-1.043042e+002
8.712500e+002,1.832768e-007,-1.347378e+002
8.725000e+002,2.055560e-006,-1.137414e+002
8.737500e+002,2.265300e-006,-1.128975e+002
8.750000e+002,9.564589e-007,-1.203867e+002
8.762500e+002,4.249167e-006,-1.074339e+002
8.775000e+002,9.543244e-006,-1.004061e+002
8.787500e+002,7.317127e-007,-1.227132e+002
8.800000e+002,7.858993e-006,-1.020927e+002
8.812500e+002,1.303703e-005,-9.769643e+001
8.825000e+002,7.234450e-006,-1.028119e+002
8.837500e+002,4.082291e-006,-1.077819e+002
8.850000e+002,1.884370e-006,-1.144967e+002
8.862500e+002,7.528708e-007,-1.224656e+002
8.875000e+002,2.223283e-006,-1.130601e+002
8.887500e+002,3.071159e-006,-1.102540e+002
8.900000e+002,7.522264e-006,-1.024730e+002
8.912500e+002,3.972014e-006,-1.080198e+002
8.925000e+002,2.519788e-006,-1.119727e+002
8.937500e+002,4.620012e-005,-8.670714e+001
8.950000e+002,1.286158e-004,-7.781411e+001
8.962500e+002,2.438975e-005,-9.225585e+001
8.975000e+002,1.091743e-005,-9.923759e+001
8.987500e+002,8.870948e-007,-1.210406e+002
9.000000e+002,8.540985e-006,-1.013698e+002
9.012500e+002,1.041148e-005,-9.964975e+001
9.025000e+002,1.281193e-005,-9.784771e+001
9.037500e+002,2.447787e-005,-9.222453e+001
9.050000e+002,2.503380e-005,-9.202946e+001
9.062500e+002,2.749023e-005,-9.121643e+001
9.075000e+002,3.674912e-005,-8.869506e+001
9.087500e+002,1.886554e-005,-9.448662e+001
9.100000e+002,6.363289e-006,-1.039264e+002
9.112500e+002,4.265394e-006,-1.074008e+002
9.125000e+002,5.074692e-007,-1.258918e+002
9.137500e+002,4.204073e-005,-8.752659e+001
9.150000e+002,3.580131e-005,-8.892202e+001
9.162500e+002,8.362743e-006,-1.015530e+002
9.175000e+002,7.738349e-006,-1.022270e+002
9.187500e+002,5.101931e-006,-1.058453e+002
9.200000e+002,1.670245e-005,-9.554440e+001
9.212500e+002,8.951752e-007,-1.209618e+002
9.225000e+002,2.138904e-006,-1.133962e+002
9.237500e+002,2.698276e-005,-9.137827e+001
9.250000e+002,1.009236e-004,-7.992014e+001
9.262500e+002,5.138030e-005,-8.578407e+001
9.275000e+002,7.453220e-006,-1.025531e+002
9.287500e+002,7.097934e-006,-1.029774e+002
9.300000e+002,1.448028e-005,-9.678446e+001
9.312500e+002,1.553701e-005,-9.617265e+001
9.325000e+002,4.982831e-007,-1.260505e+002
9.337500e+002,6.057368e-005,-8.435432e+001
9.350000e+002,1.032794e-004,-7.971972e+001
9.362500e+002,7.740279e-005,-8.222487e+001
9.375000e+002,2.495873e-005,-9.205555e+001
9.387500e+002,1.923252e-006,-1.143193e+002
9.400000e+002,9.325121e-007,-1.206069e+002
9.412500e+002,7.020556e-006,-1.030726e+002
9.425000e+002,5.322738e-006,-1.054773e+002
9.437500e+002,1.259312e-005,-9.799733e+001
9.450000e+002,2.389175e-005,-9.243504e+001
9.462500e+002,2.638170e-006,-1.115739e+002
9.475000e+002,2.084482e-007,-1.336200e+002
9.487500e+002,2.422124e-006,-1.123161e+002
9.500000e+002,1.780042e-005,-9.499139e+001
9.512500e+002,5.754181e-006,-1.048003e+002
9.525000e+002,2.777669e-006,-1.111264e+002
9.537500e+002,1.834222e-004,-7.473096e+001
9.550000e+002,1.515883e-004,-7.638669e+001
9.562500e+002,2.466901e-006,-1.121570e+002
9.575000e+002,1.734531e-006,-1.152164e+002
9.587500e+002,9.342550e-007,-1.205907e+002
9.600000e+002,4.118043e-008,-1.477062e+002
9.612500e+002,1.706672e-006,-1.153570e+002
9.625000e+002,1.742403e-006,-1.151770e+002
9.637500e+002,8.991563e-005,-8.092330e+001
9.650000e+002,1.767637e-004,-7.505214e+001
9.662500e+002,3.695778e-005,-8.864588e+001
9.675000e+002,2.815520e-006,-1.110088e+002
9.687500e+002,1.752608e-006,-1.151263e+002
9.700000e+002,8.034468e-007,-1.219009e+002
9.712500e+002,1.054058e-006,-1.195427e+002
9.725000e+002,3.335039e-006,-1.095380e+002
9.737500e+002,2.468703e-005,-9.215062e+001
9.750000e+002,6.938729e-005,-8.317440e+001
9.762500e+002,2.491009e-005,-9.207250e+001
9.775000e+002,4.948822e-005,-8.610996e+001
9.787500e+002,9.143430e-006,-1.007778e+002
9.800000e+002,4.474431e-007,-1.269852e+002
9.812500e+002,6.638944e-006,-1.035580e+002
9.825000e+002,2.172845e-005,-9.325943e+001
9.837500e+002,1.487834e-004,-7.654891e+001
9.850000e+002,7.397526e-005,-8.261827e+001
9.862500e+002,4.082537e-006,-1.077814e+002
9.875000e+002,4.790167e-006,-1.063930e+002
9.887500e+002,3.223977e-007,-1.298322e+002
9.900000e+002,7.498723e-006,-1.025003e+002
9.912500e+002,1.425990e-005,-9.691767e+001
9.925000e+002,3.785821e-005,-8.843680e+001
9.937500e+002,3.031983e-004,-7.036547e+001
9.950000e+002,3.116949e-004,-7.012541e+001
9.962500e+002,1.997561e-005,-9.399000e+001
9.975000e+002,8.062297e-006,-1.018708e+002
9.987500e+002,8.888570e-006,-1.010234e+002
1.000000e+003,9.152577e-006,-1.007691e+002
1.001250e+003,6.452966e-006,-1.038048e+002
1.002500e+003,6.471036e-005,-8.378052e+001
1.003750e+003,7.438104e-004,-6.257075e+001
1.005000e+003,7.709025e-004,-6.226001e+001
1.006250e+003,1.823346e-005,-9.478262e+001
1.007500e+003,1.394475e-005,-9.711178e+001
1.008750e+003,1.763797e-005,-9.507103e+001
1.010000e+003,3.338708e-005,-8.952843e+001
1.011250e+003,2.460415e-005,-9.217983e+001
1.012500e+003,4.697762e-004,-6.656218e+001
1.013750e+003,6.683223e-003,-4.350028e+001
1.015000e+003,4.623161e-003,-4.670122e+001
1.016250e+003,1.023022e-004,-7.980230e+001
1.017500e+003,5.171449e-006,-1.057278e+002
1.018750e+003,2.565638e-005,-9.181609e+001
1.020000e+003,7.693528e-006,-1.022775e+002
1.021250e+003,2.055090e-005,-9.374338e+001
1.022500e+003,5.247109e-004,-6.560160e+001
1.023750e+003,3.726800e-003,-4.857328e+001
1.025000e+003,1.561033e-003,-5.613176e+001
1.026250e+003,4.585884e-005,-8.677154e+001
1.027500e+003,1.365086e-005,-9.729680e+001
1.028750e+003,1.887643e-005,-9.448160e+001
1.030000e+003,2.299314e-006,-1.127680e+002
1.031250e+003,7.950705e-007,-1.219919e+002
1.032500e+003,9.259904e-005,-8.066787e+001
1.033750e+003,3.807446e-004,-6.838733e+001
1.035000e+003,1.178952e-004,-7.857007e+001
1.036250e+003,9.694860e-006,-1.002692e+002
1.037500e+003,8.767409e-006,-1.011426e+002
1.038750e+003,4.891434e-006,-1.062113e+002
1.040000e+003,1.516555e-005,-9.638284e+001
1.041250e+003,5.533214e-006,-1.051405e+002
1.042500e+003,6.403931e-006,-1.038711e+002
1.043750e+003,1.735213e-005,-9.521294e+001
1.045000e+003,2.641204e-005,-9.156396e+001
1.046250e+003,6.714629e-006,-1.034596e+002
1.047500e+003,8.262816e-006,-1.016574e+002
1.048750e+003,9.261737e-006,-1.006662e+002
1.050000e+003,5.817406e-006,-1.047054e+002
1.051250e+003,5.280346e-006,-1.055468e+002
1.052500e+003,7.211276e-006,-1.028398e+002
1.053750e+003,2.484022e-006,-1.120969e+002
1.055000e+003,2.054394e-006,-1.137463e+002
1.056250e+003,2.205097e-005,-9.313144e+001
1.057500e+003,2.158932e-005,-9.331522e+001
1.058750e+003,3.044790e-006,-1.103289e+002
1.060000e+003,1.605316e-006,-1.158888e+002
1.061250e+003,1.284144e-005,-9.782772e+001
1.062500e+003,5.037110e-005,-8.595637e+001
1.063750e+003,6.867891e-005,-8.326353e+001
1.065000e+003,3.672823e-005,-8.870000e+001
1.066250e+003,2.325993e-005,-9.266783e+001
1.067500e+003,5.778382e-006,-1.047639e+002
1.068750e+003,1.070702e-006,-1.194066e+002
1.070000e+003,2.608796e-006,-1.116712e+002
1.071250e+003,2.493972e-006,-1.120622e+002
1.072500e+003,3.281375e-005,-8.967888e+001
1.073750e+003,5.827519e-005,-8.469033e+001
1.075000e+003,3.814648e-005,-8.837091e+001
1.076250e+003,4.077800e-007,-1.277915e+002
1.077500e+003,2.729743e-005,-9.127757e+001
1.078750e+003,3.580469e-005,-8.892120e+001
1.080000e+003,3.509600e-006,-1.090948e+002
1.081250e+003,1.456522e-006,-1.167337e+002
1.082500e+003,2.607548e-006,-1.116754e+002
1.083750e+003,3.809073e-006,-1.083836e+002
1.085000e+003,3.347488e-006,-1.095056e+002
1.086250e+003,3.008204e-006,-1.104339e+002
1.087500e+003,2.042153e-006,-1.137982e+002
1.088750e+003,4.527268e-007,-1.268833e+002
1.090000e+003,6.773901e-006,-1.033832e+002
1.091250e+003,8.894694e-006,-1.010174e+002
1.092500e+003,3.595391e-005,-8.888508e+001
1.093750e+003,3.031082e-005,-9.036805e+001
1.095000e+003,1.066580e-005,-9.944013e+001
1.096250e+003,4.916977e-006,-1.061660e+002
1.097500e+003,5.934859e-007,-1.245318e+002
1.098750e+003,1.188587e-005,-9.849938e+001
1.100000e+003,3.770705e-006,-1.084715e+002
1.101250e+003,1.792997e-005,-9.492841e+001
1.102500e+003,2.130021e-005,-9.343232e+001
1.103750e+003,1.637452e-005,-9.571663e+001
1.105000e+003,9.516957e-006,-1.004300e+002
1.106250e+003,1.044194e-006,-1.196244e+002
1.107500e+003,4.349004e-007,-1.272322e+002
1.108750e+003,1.306625e-006,-1.176770e+002
1.110000e+003,7.650310e-007,-1.223264e+002
1.111250e+003,4.856901e-006,-1.062728e+002
1.112500e+003,1.930945e-005,-9.428460e+001
1.113750e+003,2.460340e-005,-9.218010e+001
1.115000e+003,9.902453e-006,-1.000851e+002
1.116250e+003,1.628403e-005,-9.576476e+001
1.117500e+003,4.401119e-006,-1.071287e+002
1.118750e+003,3.659771e-007,-1.287309e+002
1.120000e+003,5.091540e-006,-1.058630e+002
1.121250e+003,1.552797e-005,-9.617771e+001
1.122500e+003,2.009917e-005,-9.393644e+001
1.123750e+003,6.134675e-005,-8.424417e+001
1.125000e+003,9.295431e-006,-1.006346e+002
1.126250e+003,2.439671e-006,-1.122534e+002
1.127500e+003,4.129492e-006,-1.076821e+002
1.128750e+003,7.716185e-006,-1.022519e+002
1.130000e+003,2.724044e-005,-9.129572e+001
1.131250e+003,9.660179e-005,-8.030030e+001
1.132500e+003,2.820735e-004,-7.099275e+001
1.133750e+003,3.857199e-004,-6.827456e+001
1.135000e+003,4.566633e-005,-8.680808e+001
1.136250e+003,6.678015e-007,-1.235071e+002
1.137500e+003,1.796332e-006,-1.149123e+002
1.138750e+003,5.852751e-007,-1.246528e+002
1.140000e+003,1.713285e-005,-9.532341e+001
1.141250e+003,4.372906e-005,-8.718460e+001
1.142500e+003,2.524830e-005,-9.195536e+001
1.143750e+003,2.191987e-005,-9.318324e+001
1.145000e+003,2.324327e-006,-1.126741e+002
1.146250e+003,2.640710e-006,-1.115656e+002
1.147500e+003,2.385883e-006,-1.124470e+002
1.148750e+003,2.087040e-006,-1.136094e+002
1.150000e+003,1.948203e-005,-9.420732e+001
1.151250e+003,3.527226e-005,-8.905133e+001
1.152500e+003,5.859453e-006,-1.046429e+002
1.153750e+003,1.098958e-006,-1.191804e+002
1.155000e+003,1.572842e-006,-1.160663e+002
1.156250e+003,9.740650e-007,-1.202282e+002
1.157500e+003,5.983901e-006,-1.044603e+002
1.158750e+003,4.089276e-005,-8.776707e+001
1.160000e+003,1.354156e-004,-7.736663e+001
1.161250e+003,8.004954e-005,-8.193282e+001
1.162500e+003,1.238654e-004,-7.814100e+001
1.163750e+003,1.411288e-004,-7.700768e+001
1.165000e+003,9.961589e-006,-1.000334e+002
1.166250e+003,5.299135e-006,-1.055159e+002
1.167500e+003,5.599176e-006,-1.050375e+002
1.168750e+003,3.533458e-006,-1.090360e+002
1.170000e+003,1.310304e-005,-9.765256e+001
1.171250e+003,1.375096e-005,-9.723334e+001
1.172500e+003,4.887631e-005,-8.621803e+001
1.173750e+003,1.819112e-005,-9.480281e+001
1.175000e+003,4.491237e-006,-1.069527e+002
1.176250e+003,1.353309e-005,-9.737206e+001
1.177500e+003,8.292692e-006,-1.016261e+002
1.178750e+003,1.292714e-006,-1.177700e+002
1.180000e+003,5.378059e-006,-1.053875e+002
1.181250e+003,4.839918e-006,-1.063032e+002
1.182500e+003,5.753357e-006,-1.048016e+002
1.183750e+003,5.770703e-006,-1.047754e+002
1.185000e+003,1.034104e-006,-1.197087e+002
1.186250e+003,7.357082e-006,-1.026659e+002
1.187500e+003,3.284392e-006,-1.096709e+002
1.188750e+003,1.464272e-005,-9.668757e+001
1.190000e+003,1.527950e-005,-9.631781e+001
1.191250e+003,2.928981e-006,-1.106657e+002
1.192500e+003,8.343697e-005,-8.157283e+001
1.193750e+003,5.668602e-005,-8.493048e+001
1.195000e+003,4.254154e-007,-1.274237e+002
1.196250e+003,3.524670e-006,-1.090576e+002
1.197500e+003,4.413931e-006,-1.071035e+002
1.198750e+003,9.286406e-006,-1.006430e+002
1.200000e+003,5.738439e-006,-1.048241e+002
1.201250e+003,4.265482e-006,-1.074006e+002
1.202500e+003,1.173230e-005,-9.861233e+001
1.203750e+003,1.984309e-006,-1.140478e+002
1.205000e+003,2.276069e-006,-1.128563e+002
1.206250e+003,6.335177e-007,-1.239648e+002
1.207500e+003,6.090285e-007,-1.243072e+002
1.208750e+003,2.266109e-005,-9.289438e+001
1.210000e+003,2.273968e-005,-9.286431e+001
1.211250e+003,2.312569e-006,-1.127181e+002
1.212500e+003,1.005877e-005,-9.994910e+001
1.213750e+003,9.290153e-006,-1.006395e+002
1.215000e+003,7.721199e-006,-1.022463e+002
1.216250e+003,7.995587e-006,-1.019430e+002
1.217500e+003,6.440640e-006,-1.038214e+002
1.218750e+003,2.827300e-006,-1.109726e+002
1.220000e+003,4.946754e-006,-1.061136e+002
1.221250e+003,8.945103e-006,-1.009683e+002
1.222500e+003,8.793223e-006,-1.011170e+002
1.223750e+003,1.466792e-005,-9.667263e+001
1.225000e+003,6.320037e-006,-1.039856e+002
1.226250e+003,5.961281e-006,-1.044932e+002
1.227500e+003,1.770527e-005,-9.503795e+001
1.228750e+003,3.796622e-005,-8.841205e+001
1.230000e+003,2.662088e-005,-9.149555e+001
1.231250e+003,1.264757e-005,-9.795986e+001
1.232500e+003,9.707339e-006,-1.002580e+002
1.233750e+003,7.825685e-006,-1.021296e+002
1.235000e+003,2.937352e-005,-9.064088e+001
1.236250e+003,7.180581e-007,-1.228768e+002
1.237500e+003,3.225276e-006,-1.098287e+002
1.238750e+003,5.578075e-007,-1.250703e+002
1.240000e+003,5.923746e-006,-1.045481e+002
1.241250e+003,3.845707e-006,-1.083005e+002
1.242500e+003,6.532794e-006,-1.036980e+002
1.243750e+003,2.676725e-006,-1.114479e+002
1.245000e+003,2.086339e-006,-1.136123e+002
1.246250e+003,1.094518e-005,-9.921554e+001
1.247500e+003,3.446758e-005,-8.925178e+001
1.248750e+003,3.467542e-005,-8.919957e+001
1.250000e+003,1.560146e-006,-1.161367e+002
1.251250e+003,9.532622e-006,-1.004158e+002
1.252500e+003,3.275814e-006,-1.096936e+002
1.253750e+003,2.644890e-007,-1.315518e+002
1.255000e+003,1.370387e-006,-1.172631e+002
1.256250e+003,1.307365e-005,-9.767206e+001
1.257500e+003,2.802857e-005,-9.104798e+001
1.258750e+003,1.975159e-005,-9.408796e+001
1.260000e+003,1.130959e-005,-9.893106e+001
1.261250e+003,1.724940e-005,-9.526452e+001
1.262500e+003,8.167642e-006,-1.017581e+002
1.263750e+003,5.525006e-007,-1.251533e+002
1.265000e+003,1.737535e-006,-1.152013e+002
1.266250e+003,2.492080e-006,-1.120688e+002
1.267500e+003,2.864852e-006,-1.108580e+002
1.268750e+003,5.204094e-007,-1.256731e+002
1.270000e+003,9.608935e-007,-1.203465e+002
1.271250e+003,3.683545e-006,-1.086747e+002
1.272500e+003,8.916396e-007,-1.209962e+002
1.273750e+003,5.155368e-006,-1.057548e+002
1.275000e+003,8.182934e-006,-1.017418e+002
1.276250e+003,9.200767e-006,-1.007235e+002
1.277500e+003,1.175917e-005,-9.859247e+001
1.278750e+003,2.796501e-006,-1.110677e+002
1.280000e+003,1.464992e-006,-1.166833e+002
1.281250e+003,1.218964e-004,-7.828018e+001
1.282500e+003,5.251194e-004,-6.559484e+001
1.283750e+003,2.841049e-004,-7.093043e+001
1.285000e+003,1.713516e-005,-9.532224e+001
1.286250e+003,1.460310e-005,-9.671110e+001
1.287500e+003,8.443751e-005,-8.146929e+001
1.288750e+003,6.813403e-005,-8.333272e+001
1.290000e+003,2.448582e-005,-9.222171e+001
1.291250e+003,2.734736e-006,-1.112617e+002
1.292500e+003,1.063788e-005,-9.946290e+001
1.293750e+003,3.479340e-006,-1.091701e+002
1.295000e+003,1.273299e-005,-9.790139e+001
1.296250e+003,4.810166e-005,-8.635680e+001
1.297500e+003,4.620414e-005,-8.670638e+001
1.298750e+003,8.492933e-006,-1.014188e+002
1.300000e+003,4.989364e-006,-1.060391e+002
1.301250e+003,7.138729e-006,-1.029276e+002
1.302500e+003,1.734526e-005,-9.521638e+001
1.303750e+003,4.635709e-006,-1.066777e+002
1.305000e+003,1.927340e-005,-9.430083e+001
1.306250e+003,9.590780e-005,-8.036292e+001
1.307500e+003,5.831257e-005,-8.468476e+001
1.308750e+003,4.026954e-006,-1.079005e+002
1.310000e+003,1.409449e-007,-1.370190e+002
1.311250e+003,1.620483e-004,-7.580711e+001
1.312500e+003,6.483636e-004,-6.376363e+001
1.313750e+003,1.621248e-004,-7.580301e+001
1.315000e+003,2.700655e-006,-1.113706e+002
1.316250e+003,1.584471e-005,-9.600231e+001
1.317500e+003,6.510508e-006,-1.037277e+002
1.318750e+003,2.762865e-007,-1.311728e+002
1.320000e+003,1.070586e-007,-1.394076e+002
1.321250e+003,7.231587e-007,-1.228153e+002
1.322500e+003,2.217214e-006,-1.130838e+002
1.323750e+003,4.139216e-009,-1.676616e+002
1.325000e+003,3.143187e-007,-1.300526e+002
1.326250e+003,6.413533e-006,-1.038581e+002
1.327500e+003,3.542665e-006,-1.090134e+002
1.328750e+003,1.242968e-007,-1.381108e+002
1.330000e+003,1.130776e-007,-1.389325e+002
1.331250e+003,1.994166e-006,-1.140048e+002
1.332500e+003,3.556877e-006,-1.089786e+002
1.333750e+003,4.543552e-006,-1.068521e+002
1.335000e+003,5.801868e-006,-1.047286e+002
1.336250e+003,1.934577e-007,-1.342683e+002
1.337500e+003,2.109593e-006,-1.135160e+002
1.338750e+003,6.534182e-007,-1.236962e+002
1.340000e+003,1.206830e-006,-1.183671e+002
1.341250e+003,6.695317e-005,-8.348458e+001
1.342500e+003,1.393938e-004,-7.711513e+001
1.343750e+003,2.540851e-005,-9.190042e+001
1.345000e+003,4.375295e-006,-1.071799e+002
1.346250e+003,8.606252e-006,-1.013037e+002
1.347500e+003,2.171125e-006,-1.132663e+002
1.348750e+003,9.535244e-007,-1.204134e+002
1.350000e+003,8.418970e-006,-1.014948e+002
1.351250e+003,1.709811e-005,-9.534104e+001
1.352500e+003,1.360661e-005,-9.732500e+001
1.353750e+003,2.545774e-006,-1.118836e+002
1.355000e+003,1.465339e-005,-9.668124e+001
1.356250e+003,2.189475e-005,-9.319320e+001
1.357500e+003,1.912036e-005,-9.437008e+001
1.358750e+003,1.869267e-006,-1.145666e+002
1.360000e+003,3.455284e-006,-1.092303e+002
1.361250e+003,1.205386e-005,-9.837748e+001
1.362500e+003,7.581501e-006,-1.024049e+002
1.363750e+003,7.131288e-006,-1.029366e+002
1.365000e+003,2.329389e-005,-9.265516e+001
1.366250e+003,3.834632e-006,-1.083255e+002
1.367500e+003,1.964999e-006,-1.141328e+002
1.368750e+003,4.815688e-006,-1.063468e+002
1.370000e+003,3.316183e-007,-1.295872e+002
1.371250e+003,9.002994e-006,-1.009123e+002
1.372500e+003,8.783192e-006,-1.011270e+002
1.373750e+003,1.023850e-005,-9.979528e+001
1.375000e+003,1.415837e-005,-9.697973e+001
1.376250e+003,4.838584e-006,-1.063056e+002
1.377500e+003,2.333348e-007,-1.326404e+002
1.378750e+003,1.030100e-006,-1.197424e+002
1.380000e+003,5.174303e-007,-1.257230e+002
1.381250e+003,8.554266e-007,-1.213563e+002
1.382500e+003,4.394267e-007,-1.271423e+002
1.383750e+003,4.786947e-006,-1.063988e+002
1.385000e+003,2.095152e-006,-1.135757e+002
1.386250e+003,9.677345e-008,-1.402849e+002
1.387500e+003,6.505795e-008,-1.437340e+002
1.388750e+003,2.061989e-006,-1.137143e+002
1.390000e+003,1.735337e-006,-1.152123e+002
1.391250e+003,3.574864e-007,-1.289348e+002
1.392500e+003,1.257419e-006,-1.180104e+002
1.393750e+003,7.331581e-007,-1.226960e+002
1.395000e+003,8.434758e-007,-1.214785e+002
1.396250e+003,3.584829e-007,-1.289106e+002
1.397500e+003,5.559460e-007,-1.250993e+002
1.398750e+003,8.950856e-007,-1.209627e+002
1.400000e+003,2.578915e-008,-1.517713e+002
1.401250e+003,9.413816e-007,-1.205247e+002
1.402500e+003,6.820015e-007,-1.233243e+002
1.403750e+003,1.012340e-007,-1.398935e+002
1.405000e+003,1.066063e-007,-1.394443e+002
1.406250e+003,7.373085e-007,-1.226470e+002
1.407500e+003,2.938919e-007,-1.306362e+002
1.408750e+003,3.112176e-006,-1.101387e+002
1.410000e+003,1.474992e-006,-1.166242e+002
1.411250e+003,3.135937e-007,-1.300727e+002
1.412500e+003,2.443969e-006,-1.122381e+002
1.413750e+003,1.959337e-006,-1.141578e+002
1.415000e+003,2.562818e-006,-1.118256e+002
1.416250e+003,4.735668e-006,-1.064924e+002
1.417500e+003,8.596635e-007,-1.213134e+002
1.418750e+003,6.929799e-007,-1.231856e+002
1.420000e+003,2.046203e-006,-1.137810e+002
1.421250e+003,3.957514e-006,-1.080516e+002
1.422500e+003,3.352437e-006,-1.094928e+002
1.423750e+003,7.655679e-006,-1.023203e+002
1.425000e+003,2.129117e-006,-1.134360e+002
1.426250e+003,1.043415e-006,-1.196309e+002
1.427500e+003,4.801990e-006,-1.063716e+002
1.428750e+003,9.550933e-006,-1.003991e+002
1.430000e+003,1.377763e-006,-1.172165e+002
1.431250e+003,2.012392e-005,-9.392575e+001
1.432500e+003,9.202966e-006,-1.007214e+002
1.433750e+003,1.446184e-006,-1.167955e+002
1.435000e+003,2.187418e-006,-1.132014e+002
1.436250e+003,1.559694e-006,-1.161392e+002
1.437500e+003,2.840783e-010,-1.909312e+002
1.438750e+003,2.655180e-006,-1.115181e+002
1.440000e+003,5.406326e-006,-1.053420e+002
1.441250e+003,4.502762e-006,-1.069304e+002
1.442500e+003,3.329016e-006,-1.095537e+002
1.443750e+003,4.656316e-006,-1.066392e+002
1.445000e+003,1.567303e-006,-1.160969e+002
1.446250e+003,2.680827e-006,-1.114346e+002
1.447500e+003,1.787333e-006,-1.149559e+002
1.448750e+003,7.613908e-007,-1.223678e+002
1.450000e+003,7.663257e-007,-1.223117e+002
1.451250e+003,1.724294e-007,-1.352678e+002
1.452500e+003,5.979526e-007,-1.244667e+002
1.453750e+003,1.527229e-006,-1.163219e+002
1.455000e+003,1.299664e-006,-1.177234e+002
1.456250e+003,3.354513e-006,-1.094874e+002
1.457500e+003,2.878153e-006,-1.108177e+002
1.458750e+003,2.688885e-006,-1.114086e+002
1.460000e+003,1.068750e-006,-1.194225e+002
1.461250e+003,2.534293e-006,-1.119229e+002
1.462500e+003,5.997230e-007,-1.244410e+002
1.463750e+003,3.185128e-006,-1.099375e+002
1.465000e+003,3.514410e-006,-1.090830e+002
1.466250e+003,6.759434e-007,-1.234018e+002
1.467500e+003,7.198344e-008,-1.428553e+002
1.468750e+003,3.886090e-008,-1.482097e+002
1.470000e+003,1.102431e-006,-1.191530e+002
1.471250e+003,2.910371e-006,-1.107210e+002
1.472500e+003,3.039122e-006,-1.103450e+002
1.473750e+003,1.038080e-006,-1.196754e+002
1.475000e+003,2.360921e-006,-1.125384e+002
1.476250e+003,4.024567e-007,-1.279056e+002
1.477500e+003,3.060781e-006,-1.102834e+002
1.478750e+003,4.069382e-006,-1.078094e+002
1.480000e+003,5.479313e-006,-1.052255e+002
1.481250e+003,8.701928e-006,-1.012077e+002
1.482500e+003,3.027042e-006,-1.103796e+002
1.483750e+003,6.370209e-007,-1.239169e+002
1.485000e+003,1.688304e-006,-1.154510e+002
1.486250e+003,3.463173e-006,-1.092105e+002
1.487500e+003,1.222293e-006,-1.182565e+002
1.488750e+003,1.820660e-006,-1.147954e+002
1.490000e+003,1.204990e-005,-9.838033e+001
1.491250e+003,7.581281e-005,-8.240515e+001
1.492500e+003,3.420845e-005,-8.931733e+001
1.493750e+003,2.355083e-006,-1.125599e+002
1.495000e+003,5.606660e-007,-1.250259e+002
1.496250e+003,2.167049e-006,-1.132826e+002
1.497500e+003,4.292354e-006,-1.073461e+002
1.498750e+003,8.274302e-006,-1.016454e+002
1.500000e+003,4.278991e-005,-8.737317e+001
1.501250e+003,7.522109e-005,-8.247321e+001
1.502500e+003,1.607493e-005,-9.587702e+001
1.503750e+003,1.417484e-007,-1.369696e+002
1.505000e+003,1.927764e-006,-1.142989e+002
1.506250e+003,1.308304e-006,-1.176658e+002
1.507500e+003,3.396477e-006,-1.093794e+002
1.508750e+003,1.492568e-005,-9.652132e+001
1.510000e+003,8.509581e-005,-8.140184e+001
1.511250e+003,1.947711e-004,-7.420951e+001
1.512500e+003,7.092072e-005,-8.298454e+001
1.513750e+003,1.655399e-005,-9.562194e+001
1.515000e+003,2.388449e-007,-1.324377e+002
1.516250e+003,3.293159e-005,-8.964774e+001
1.517500e+003,2.724522e-004,-7.129419e+001
1.518750e+003,2.491349e-004,-7.207131e+001
1.520000e+003,9.057984e-004,-6.085937e+001
1.521250e+003,2.418466e-003,-5.232920e+001
1.522500e+003,4.072597e-004,-6.780257e+001
1.523750e+003,1.393781e-004,-7.711611e+001
1.525000e+003,5.257753e-005,-8.558400e+001
1.526250e+003,2.040226e-006,-1.138064e+002
1.527500e+003,3.305358e-006,-1.096156e+002
1.528750e+003,3.312457e-005,-8.959700e+001
1.530000e+003,4.008386e-004,-6.794061e+001
1.531250e+003,6.214880e-004,-6.413134e+001
1.532500e+003,4.669928e-005,-8.661380e+001
1.533750e+003,3.977003e-005,-8.800888e+001
1.535000e+003,8.643920e-006,-1.012658e+002
1.536250e+003,8.568708e-006,-1.013417e+002
1.537500e+003,6.885354e-005,-8.324147e+001
1.538750e+003,8.103967e-005,-8.182605e+001
1.540000e+003,1.132224e-005,-9.892135e+001
1.541250e+003,6.648742e-005,-8.354521e+001
1.542500e+003,1.765467e-007,-1.350628e+002
1.543750e+003,9.734369e-006,-1.002338e+002
1.545000e+003,1.089658e-005,-9.925419e+001
1.546250e+003,3.687493e-006,-1.086654e+002
1.547500e+003,7.075898e-005,-8.300437e+001
1.548750e+003,1.907868e-004,-7.438903e+001
1.550000e+003,1.444699e-003,-5.680445e+001
1.551250e+003,1.840272e-003,-5.470236e+001
1.552500e+003,3.091299e-005,-9.019718e+001
1.553750e+003,3.131057e-004,-7.008618e+001
1.555000e+003,6.377845e-005,-8.390652e+001
1.556250e+003,2.014067e-005,-9.391852e+001
1.557500e+003,3.534319e-006,-1.090339e+002
1.558750e+003,7.829810e-005,-8.212498e+001
1.560000e+003,1.531889e-005,-9.629545e+001
1.561250e+003,6.816708e-006,-1.033285e+002
1.562500e+003,6.896416e-005,-8.322753e+001
1.563750e+003,2.402864e-004,-7.238542e+001
1.565000e+003,3.661696e-005,-8.872636e+001
1.566250e+003,2.798504e-005,-9.106148e+001
1.567500e+003,6.731550e-006,-1.034377e+002
1.568750e+003,2.245403e-005,-9.297411e+001
1.570000e+003,7.605919e-005,-8.237697e+001
1.571250e+003,5.076754e-006,-1.058883e+002
1.572500e+003,4.093399e-005,-8.775832e+001
1.573750e+003,3.919863e-005,-8.813458e+001
1.575000e+003,2.690377e-005,-9.140374e+001
1.576250e+003,1.109307e-004,-7.909896e+001
1.577500e+003,4.585268e-005,-8.677271e+001
1.578750e+003,2.736418e-005,-9.125635e+001
1.580000e+003,5.332275e-004,-6.546175e+001
1.581250e+003,4.336208e-004,-6.725780e+001
1.582500e+003,6.640389e-005,-8.355613e+001
1.583750e+003,1.468925e-004,-7.666001e+001
1.585000e+003,2.892811e-005,-9.077360e+001
1.586250e+003,3.008733e-005,-9.043233e+001
1.587500e+003,5.342721e-006,-1.054448e+002
1.588750e+003,3.588813e-004,-6.890098e+001
1.590000e+003,1.023050e-003,-5.980207e+001
1.591250e+003,5.036575e-004,-6.595729e+001
1.592500e+003,7.831151e-005,-8.212349e+001
1.593750e+003,2.225648e-005,-9.305087e+001
1.595000e+003,1.721758e-006,-1.152806e+002
1.596250e+003,5.968348e-005,-8.448292e+001
1.597500e+003,1.074352e-004,-7.937707e+001
1.598750e+003,1.055684e-004,-7.952932e+001
1.600000e+003,6.230196e-005,-8.410997e+001
1.601250e+003,3.691209e-004,-6.865663e+001
1.602500e+003,1.484628e-004,-7.656765e+001
1.603750e+003,6.350596e-005,-8.394371e+001
1.605000e+003,6.644298e-005,-8.355102e+001
1.606250e+003,7.631365e-005,-8.234796e+001
1.607500e+003,7.606022e-005,-8.237685e+001
1.608750e+003,2.003979e-005,-9.396214e+001
1.610000e+003,1.047999e-004,-7.959278e+001
1.611250e+003,7.900681e-005,-8.204671e+001
1.612500e+003,3.579667e-006,-1.089231e+002
1.613750e+003,3.214633e-006,-1.098574e+002
1.615000e+003,5.415039e-005,-8.532797e+001
1.616250e+003,9.783636e-005,-8.018999e+001
1.617500e+003,1.370698e-004,-7.726117e+001
1.618750e+003,1.243878e-004,-7.810444e+001
1.620000e+003,5.854582e-005,-8.465008e+001
1.621250e+003,3.618468e-005,-8.882951e+001
1.622500e+003,1.830968e-005,-9.474638e+001
1.623750e+003,3.364906e-006,-1.094605e+002
1.625000e+003,3.049663e-006,-1.103150e+002
1.626250e+003,3.314597e-006,-1.095914e+002
1.627500e+003,2.100313e-005,-9.355432e+001
1.628750e+003,8.776307e-005,-8.113376e+001
1.630000e+003,4.406274e-005,-8.711857e+001
1.631250e+003,5.459272e-006,-1.052573e+002
1.632500e+003,8.704231e-006,-1.012054e+002
1.633750e+003,4.003902e-005,-8.795033e+001
1.635000e+003,3.297383e-005,-8.963661e+001
1.636250e+003,1.161047e-005,-9.870301e+001
1.637500e+003,3.349544e-005,-8.950029e+001
1.638750e+003,3.502873e-005,-8.911151e+001
1.640000e+003,1.967319e-003,-5.412250e+001
1.641250e+003,1.639351e-003,-5.570656e+001
1.642500e+003,1.970393e-005,-9.410894e+001
1.643750e+003,6.025796e-005,-8.439971e+001
1.645000e+003,4.739524e-005,-8.648531e+001
1.646250e+003,6.025672e-005,-8.439989e+001
1.647500e+003,1.166059e-005,-9.866559e+001
1.648750e+003,6.766689e-005,-8.339248e+001
1.650000e+003,1.187453e-004,-7.850767e+001
1.651250e+003,5.957558e-005,-8.449863e+001
1.652500e+003,1.376372e-006,-1.172253e+002
1.653750e+003,2.484918e-005,-9.209376e+001
1.655000e+003,5.086793e-005,-8.587112e+001
1.656250e+003,1.927780e-005,-9.429885e+001
1.657500e+003,1.637309e-005,-9.571739e+001
1.658750e+003,6.989860e-006,-1.031106e+002
1.660000e+003,9.810446e-005,-8.016623e+001
1.661250e+003,9.723429e-005,-8.024361e+001
1.662500e+003,7.292433e-005,-8.274255e+001
1.663750e+003,9.930669e-005,-8.006043e+001
1.665000e+003,1.597550e-005,-9.593091e+001
1.666250e+003,1.620962e-005,-9.580454e+001
1.667500e+003,6.065619e-006,-1.043425e+002
1.668750e+003,1.711629e-004,-7.533181e+001
1.670000e+003,1.801046e-003,-5.488950e+001
1.671250e+003,5.875160e-004,-6.461961e+001
1.672500e+003,8.537496e-005,-8.137339e+001
1.673750e+003,1.787062e-004,-7.495721e+001
1.675000e+003,7.148795e-005,-8.291534e+001
1.676250e+003,4.470289e-005,-8.699329e+001
1.677500e+003,6.279756e-005,-8.404114e+001
1.678750e+003,5.648450e-005,-8.496141e+001
1.680000e+003,3.772995e-005,-8.846627e+001
1.681250e+003,1.071873e-005,-9.939713e+001
1.682500e+003,2.555993e-006,-1.118488e+002
1.683750e+003,5.575929e-006,-1.050737e+002
1.685000e+003,4.118945e-006,-1.077043e+002
1.686250e+003,1.944347e-005,-9.422453e+001
1.687500e+003,1.245001e-005,-9.809661e+001
1.688750e+003,4.624166e-006,-1.066993e+002
1.690000e+003,3.950450e-005,-8.806707e+001
1.691250e+003,4.329433e-005,-8.727138e+001
1.692500e+003,2.083985e-006,-1.136221e+002
1.693750e+003,1.510039e-005,-9.642024e+001
1.695000e+003,1.873533e-005,-9.454677e+001
1.696250e+003,7.113825e-006,-1.029579e+002
1.697500e+003,4.139437e-005,-8.766117e+001
1.698750e+003,8.071175e-005,-8.186127e+001
1.700000e+003,3.102653e-004,-7.016533e+001
1.701250e+003,1.471816e-004,-7.664293e+001
1.702500e+003,5.461953e-006,-1.052530e+002
1.703750e+003,9.724964e-006,-1.002422e+002
1.705000e+003,7.663534e-005,-8.231142e+001
1.706250e+003,1.096225e-004,-7.920200e+001
1.707500e+003,3.137610e-005,-9.006802e+001
1.708750e+003,2.945420e-005,-9.061705e+001
1.710000e+003,1.613762e-005,-9.584321e+001
1.711250e+003,1.265199e-005,-9.795682e+001
1.712500e+003,5.305021e-005,-8.550626e+001
1.713750e+003,7.971432e-006,-1.019693e+002
1.715000e+003,1.477194e-006,-1.166112e+002
1.716250e+003,3.860110e-006,-1.082680e+002
1.717500e+003,2.870165e-005,-9.084186e+001
1.718750e+003,8.633166e-006,-1.012766e+002
1.720000e+003,7.127652e-005,-8.294107e+001
1.721250e+003,5.753318e-005,-8.480163e+001
1.722500e+003,1.058591e-004,-7.950544e+001
1.723750e+003,1.743802e-004,-7.517006e+001
1.725000e+003,1.078190e-004,-7.934609e+001
1.726250e+003,2.434218e-005,-9.227281e+001
1.727500e+003,4.001646e-005,-8.795523e+001
1.728750e+003,6.009374e-004,-6.442342e+001
1.730000e+003,2.347381e-003,-5.258833e+001
1.731250e+003,5.145885e-004,-6.577080e+001
1.732500e+003,3.499161e-005,-8.912072e+001
1.733750e+003,5.223320e-006,-1.056411e+002
1.735000e+003,7.204032e-005,-8.284849e+001
1.736250e+003,5.854951e-005,-8.464953e+001
1.737500e+003,1.117504e-005,-9.903502e+001
1.738750e+003,7.489730e-005,-8.251068e+001
1.740000e+003,7.877458e-006,-1.020723e+002
1.741250e+003,1.951097e-004,-7.419442e+001
1.742500e+003,1.737285e-004,-7.520258e+001
1.743750e+003,8.267039e-005,-8.165300e+001
1.745000e+003,6.330847e-005,-8.397076e+001
1.746250e+003,4.327734e-005,-8.727479e+001
1.747500e+003,3.358843e-005,-8.947621e+001
1.748750e+003,8.858298e-005,-8.105299e+001
1.750000e+003,1.210646e-004,-7.833966e+001
1.751250e+003,9.661708e-005,-8.029892e+001
1.752500e+003,3.818032e-005,-8.836321e+001
1.753750e+003,4.569040e-005,-8.680350e+001
1.755000e+003,3.741014e-005,-8.854021e+001
1.756250e+003,4.766331e-006,-1.064363e+002
1.757500e+003,1.420812e-006,-1.169493e+002
1.758750e+003,1.651197e-004,-7.564402e+001
1.760000e+003,2.458727e-004,-7.218579e+001
1.761250e+003,2.339667e-005,-9.261692e+001
1.762500e+003,1.572523e-005,-9.606806e+001
1.763750e+003,3.186638e-005,-8.993334e+001
1.765000e+003,2.244368e-005,-9.297812e+001
1.766250e+003,1.839867e-005,-9.470427e+001
1.767500e+003,3.185541e-005,-8.993634e+001
1.768750e+003,6.090661e-005,-8.430671e+001
1.770000e+003,7.467745e-005,-8.253621e+001
1.771250e+003,9.601797e-006,-1.003529e+002
1.772500e+003,2.165810e-005,-9.328759e+001
1.773750e+003,8.791926e-005,-8.111832e+001
1.775000e+003,7.846568e-005,-8.210640e+001
1.776250e+003,1.528420e-005,-9.631515e+001
1.777500e+003,2.816508e-005,-9.100578e+001
1.778750e+003,2.905709e-005,-9.073496e+001
1.780000e+003,1.238756e-004,-7.814028e+001
1.781250e+003,2.018501e-005,-9.389942e+001
1.782500e+003,1.629674e-005,-9.575799e+001
1.783750e+003,7.882686e-006,-1.020665e+002
1.785000e+003,1.058985e-005,-9.950220e+001
1.786250e+003,2.262388e-005,-9.290866e+001
1.787500e+003,2.483330e-005,-9.209931e+001
1.788750e+003,2.808702e-004,-7.102989e+001
1.790000e+003,4.327469e-004,-6.727532e+001
1.791250e+003,3.189672e-005,-8.992508e+001
1.792500e+003,8.155515e-005,-8.177097e+001
1.793750e+003,3.007108e-005,-9.043702e+001
1.795000e+003,1.891953e-005,-9.446179e+001
1.796250e+003,1.660088e-005,-9.559738e+001
1.797500e+003,5.070681e-006,-1.058987e+002
1.798750e+003,1.222712e-008,-1.582535e+002
1.800000e+003,1.717858e-006,-1.153003e+002
1.801250e+003,1.826465e-005,-9.476777e+001
1.802500e+003,3.739135e-004,-6.854458e+001
1.803750e+003,4.782564e-004,-6.640678e+001
1.805000e+003,7.110349e-005,-8.296218e+001
1.806250e+003,5.042779e-006,-1.059466e+002
1.807500e+003,1.169200e-005,-9.864222e+001
1.808750e+003,4.111754e-007,-1.277195e+002
1.810000e+003,1.711722e-005,-9.533133e+001
1.811250e+003,4.386987e-005,-8.715667e+001
1.812500e+003,1.524873e-005,-9.633533e+001
1.813750e+003,2.018712e-007,-1.338985e+002
1.815000e+003,3.348239e-006,-1.095037e+002
1.816250e+003,3.582187e-005,-8.891704e+001
1.817500e+003,6.239711e-005,-8.409671e+001
1.818750e+003,4.953423e-005,-8.610189e+001
1.820000e+003,3.415846e-004,-6.933004e+001
1.821250e+003,6.948338e-005,-8.316238e+001
1.822500e+003,3.360083e-005,-8.947300e+001
1.823750e+003,1.689353e-005,-9.544559e+001
1.825000e+003,4.862635e-005,-8.626257e+001
1.826250e+003,1.224235e-004,-7.824270e+001
1.827500e+003,1.822321e-004,-7.478750e+001
1.828750e+003,4.877139e-005,-8.623670e+001
1.830000e+003,3.592176e-005,-8.889285e+001
1.831250e+003,1.761258e-004,-7.508354e+001
1.832500e+003,5.476321e-004,-6.523022e+001
1.833750e+003,9.412483e-005,-8.052592e+001
1.835000e+003,3.744722e-005,-8.853161e+001
1.836250e+003,1.271092e-004,-7.791646e+001
1.837500e+003,9.671228e-005,-8.029037e+001
1.838750e+003,1.252505e-004,-7.804441e+001
1.840000e+003,7.630160e-005,-8.234933e+001
1.841250e+003,1.777223e-004,-7.500516e+001
1.842500e+003,5.404997e-004,-6.534409e+001
1.843750e+003,5.444125e-004,-6.528144e+001
1.845000e+003,1.751280e-004,-7.513289e+001
1.846250e+003,1.326930e-005,-9.754304e+001
1.847500e+003,4.105600e-005,-8.773247e+001
1.848750e+003,3.101524e-004,-7.016850e+001
1.850000e+003,3.439948e-004,-6.926896e+001
1.851250e+003,1.748961e-004,-7.514440e+001
1.852500e+003,1.418412e-004,-7.696395e+001
1.853750e+003,6.396085e-005,-8.388172e+001
1.855000e+003,1.147829e-004,-7.880246e+001
1.856250e+003,2.107489e-004,-7.352469e+001
1.857500e+003,9.766059e-005,-8.020561e+001
1.858750e+003,1.145481e-004,-7.882024e+001
1.860000e+003,1.176105e-005,-9.859108e+001
1.861250e+003,3.031197e-005,-9.036772e+001
1.862500e+003,5.367251e-005,-8.540496e+001
1.863750e+003,9.954936e-005,-8.003923e+001
1.865000e+003,1.957378e-006,-1.141665e+002
1.866250e+003,2.419569e-004,-7.232524e+001
1.867500e+003,2.963834e-004,-7.056292e+001
1.868750e+003,3.806429e-005,-8.838965e+001
1.870000e+003,3.734243e-005,-8.855595e+001
1.871250e+003,4.508618e-007,-1.269191e+002
1.872500e+003,9.439023e-005,-8.050146e+001
1.873750e+003,2.707464e-005,-9.134875e+001
1.875000e+003,2.588454e-004,-7.173919e+001
1.876250e+003,1.370944e-004,-7.725961e+001
1.877500e+003,2.200477e-004,-7.314966e+001
1.878750e+003,1.140404e-003,-5.885883e+001
1.880000e+003,4.096079e-004,-6.775263e+001
1.881250e+003,7.377192e-005,-8.264218e+001
1.882500e+003,9.122650e-005,-8.079758e+001
1.883750e+003,2.997816e-005,-9.046390e+001
1.885000e+003,1.750111e-005,-9.513869e+001
1.886250e+003,8.064273e-007,-1.218687e+002
1.887500e+003,4.290799e-005,-8.734924e+001
1.888750e+003,8.569430e-005,-8.134096e+001
1.890000e+003,1.121099e-004,-7.900712e+001
1.891250e+003,1.752211e-004,-7.512827e+001
1.892500e+003,1.907969e-004,-7.438857e+001
1.893750e+003,9.636971e-005,-8.032119e+001
1.895000e+003,1.791024e-005,-9.493797e+001
1.896250e+003,3.330165e-005,-8.955069e+001
1.897500e+003,7.482411e-005,-8.251917e+001
1.898750e+003,9.107092e-005,-8.081241e+001
1.900000e+003,3.180529e-004,-6.995001e+001
1.901250e+003,1.802462e-004,-7.488268e+001
1.902500e+003,7.182297e-006,-1.028747e+002
1.903750e+003,2.966314e-005,-9.055566e+001
1.905000e+003,4.480561e-005,-8.697335e+001
1.906250e+003,6.433804e-005,-8.383064e+001
1.907500e+003,1.656094e-004,-7.561830e+001
1.908750e+003,4.091423e-004,-6.776251e+001
1.910000e+003,1.503401e-004,-7.645850e+001
1.911250e+003,2.965733e-005,-9.055736e+001
1.912500e+003,5.485225e-005,-8.521611e+001
1.913750e+003,1.091486e-004,-7.923964e+001
1.915000e+003,1.197983e-004,-7.843099e+001
1.916250e+003,4.677781e-005,-8.659920e+001
1.917500e+003,6.132858e-005,-8.424674e+001
1.918750e+003,2.019654e-004,-7.389446e+001
1.920000e+003,5.092227e-005,-8.586184e+001
1.921250e+003,7.936296e-005,-8.200764e+001
1.922500e+003,4.260060e-005,-8.741169e+001
1.923750e+003,9.790527e-005,-8.018388e+001
1.925000e+003,3.115844e-005,-9.012848e+001
1.926250e+003,4.416038e-006,-1.070993e+002
1.927500e+003,1.187418e-005,-9.850793e+001
1.928750e+003,8.247233e-006,-1.016738e+002
1.930000e+003,1.109947e-005,-9.909395e+001
1.931250e+003,8.042377e-005,-8.189231e+001
1.932500e+003,1.174558e-004,-7.860251e+001
1.933750e+003,8.567953e-006,-1.013425e+002
1.935000e+003,2.586777e-005,-9.174482e+001
1.936250e+003,7.726430e-006,-1.022404e+002
1.937500e+003,9.895471e-006,-1.000913e+002
1.938750e+003,5.844896e-005,-8.466446e+001
1.940000e+003,2.477428e-004,-7.211998e+001
1.941250e+003,1.664721e-004,-7.557317e+001
1.942500e+003,1.198925e-005,-9.842416e+001
1.943750e+003,2.770481e-005,-9.114890e+001
1.945000e+003,5.815569e-005,-8.470816e+001
1.946250e+003,1.512172e-004,-7.640797e+001
1.947500e+003,1.157056e-004,-7.873291e+001
1.948750e+003,3.028763e-004,-7.037469e+001
1.950000e+003,6.299138e-004,-6.401438e+001
1.951250e+003,9.276941e-005,-8.065190e+001
1.952500e+003,3.290812e-005,-8.965394e+001
1.953750e+003,1.783614e-004,-7.497398e+001
1.955000e+003,7.521552e-004,-6.247385e+001
1.956250e+003,1.097565e-004,-7.919140e+001
1.957500e+003,2.032865e-005,-9.383783e+001
1.958750e+003,2.241105e-004,-7.299075e+001
1.960000e+003,2.354057e-004,-7.256366e+001
1.961250e+003,6.464739e-005,-8.378898e+001
1.962500e+003,2.701500e-005,-9.136790e+001
1.963750e+003,5.660641e-005,-8.494269e+001
1.965000e+003,7.882518e-005,-8.206670e+001
1.966250e+003,2.479339e-005,-9.211328e+001
1.967500e+003,9.913029e-005,-8.007587e+001
1.968750e+003,4.833474e-004,-6.631481e+001
1.970000e+003,1.417611e-004,-7.696886e+001
1.971250e+003,2.932541e-005,-9.065512e+001
1.972500e+003,1.743083e-005,-9.517364e+001
1.973750e+003,2.976086e-005,-9.052709e+001
1.975000e+003,1.507773e-004,-7.643328e+001
1.976250e+003,1.023791e-004,-7.979578e+001
1.977500e+003,3.424218e-005,-8.930877e+001
1.978750e+003,1.940864e-004,-7.424010e+001
1.980000e+003,2.537144e-005,-9.191310e+001
1.981250e+003,1.305227e-004,-7.768628e+001
1.982500e+003,6.409805e-005,-8.386310e+001
1.983750e+003,1.485665e-004,-7.656158e+001
1.985000e+003,5.947161e-005,-8.451381e+001
1.986250e+003,5.579407e-005,-8.506824e+001
1.987500e+003,2.381775e-004,-7.246199e+001
1.988750e+003,2.664223e-004,-7.148859e+001
1.990000e+003,2.078648e-005,-9.364438e+001
1.991250e+003,3.246888e-005,-8.977065e+001
1.992500e+003,3.937789e-005,-8.809495e+001
1.993750e+003,2.739105e-005,-9.124783e+001
1.995000e+003,1.729726e-005,-9.524046e+001
1.996250e+003,1.153525e-004,-7.875946e+001
1.997500e+003,3.932969e-004,-6.810559e+001
1.998750e+003,6.556181e-004,-6.366698e+001
2.000000e+003,1.885411e-004,-7.449188e+001
