file name,FFT_1
date,2020-Jun-23 17:02:11.404002
desc,
note,
ch_name,Ch2
ch_type,Overall
x_unit,
y_unit,g
unit,g
db_ref,1.000000e+000
detection,rms
data
record,rpm,value,value(dB),time,alarm,note
1,0.000000e+000,1.637300e-002,-3.571743e+001,2020-06-23T17:02:12.204000,Normal,
2,0.000000e+000,1.653687e-002,-3.563093e+001,2020-06-23T17:02:12.254000,Normal,
3,0.000000e+000,1.653687e-002,-3.563093e+001,2020-06-23T17:02:12.304000,Normal,
4,0.000000e+000,1.655351e-002,-3.562220e+001,2020-06-23T17:02:12.354000,Normal,
5,0.000000e+000,1.655351e-002,-3.562220e+001,2020-06-23T17:02:12.404000,Normal,
6,0.000000e+000,1.643491e-002,-3.568465e+001,2020-06-23T17:02:12.454000,Normal,
7,0.000000e+000,1.643491e-002,-3.568465e+001,2020-06-23T17:02:12.504000,Normal,
8,0.000000e+000,1.631849e-002,-3.574640e+001,2020-06-23T17:02:12.554000,Normal,
9,0.000000e+000,1.631849e-002,-3.574640e+001,2020-06-23T17:02:12.604000,Normal,
10,0.000000e+000,1.633008e-002,-3.574023e+001,2020-06-23T17:02:12.654000,Normal,
11,0.000000e+000,1.633008e-002,-3.574023e+001,2020-06-23T17:02:12.704000,Normal,
12,0.000000e+000,1.647401e-002,-3.566401e+001,2020-06-23T17:02:12.754000,Normal,
13,0.000000e+000,1.647401e-002,-3.566401e+001,2020-06-23T17:02:12.804000,Normal,
14,0.000000e+000,1.660803e-002,-3.559364e+001,2020-06-23T17:02:12.854000,Normal,
15,0.000000e+000,1.660803e-002,-3.559364e+001,2020-06-23T17:02:12.904000,Normal,
16,0.000000e+000,1.660476e-002,-3.559535e+001,2020-06-23T17:02:12.954000,Normal,
17,0.000000e+000,1.660476e-002,-3.559535e+001,2020-06-23T17:02:13.003000,Normal,
18,0.000000e+000,1.651634e-002,-3.564173e+001,2020-06-23T17:02:13.053000,Normal,
19,0.000000e+000,1.651634e-002,-3.564173e+001,2020-06-23T17:02:13.104000,Normal,
20,0.000000e+000,1.649841e-002,-3.565116e+001,2020-06-23T17:02:13.153000,Normal,
21,0.000000e+000,1.649841e-002,-3.565116e+001,2020-06-23T17:02:13.204000,Normal,
22,0.000000e+000,1.660528e-002,-3.559507e+001,2020-06-23T17:02:13.253000,Normal,
23,0.000000e+000,1.660528e-002,-3.559507e+001,2020-06-23T17:02:13.304000,Normal,
24,0.000000e+000,1.678727e-002,-3.550040e+001,2020-06-23T17:02:13.353000,Normal,
25,0.000000e+000,1.678727e-002,-3.550040e+001,2020-06-23T17:02:13.403000,Normal,
26,0.000000e+000,1.697212e-002,-3.540528e+001,2020-06-23T17:02:13.454000,Normal,
27,0.000000e+000,1.697212e-002,-3.540528e+001,2020-06-23T17:02:13.503000,Normal,
28,0.000000e+000,1.709427e-002,-3.534299e+001,2020-06-23T17:02:13.554000,Normal,
29,0.000000e+000,1.709427e-002,-3.534299e+001,2020-06-23T17:02:13.603000,Normal,
30,0.000000e+000,1.715638e-002,-3.531149e+001,2020-06-23T17:02:13.654000,Normal,
31,0.000000e+000,1.715638e-002,-3.531149e+001,2020-06-23T17:02:13.703000,Normal,
32,0.000000e+000,1.716367e-002,-3.530780e+001,2020-06-23T17:02:13.753000,Normal,
33,0.000000e+000,1.716367e-002,-3.530780e+001,2020-06-23T17:02:13.803000,Normal,
34,0.000000e+000,1.708151e-002,-3.534948e+001,2020-06-23T17:02:13.853000,Normal,
35,0.000000e+000,1.708151e-002,-3.534948e+001,2020-06-23T17:02:13.904000,Normal,
36,0.000000e+000,1.698830e-002,-3.539700e+001,2020-06-23T17:02:13.953000,Normal,
37,0.000000e+000,1.698830e-002,-3.539700e+001,2020-06-23T17:02:14.004000,Normal,
38,0.000000e+000,1.702889e-002,-3.537627e+001,2020-06-23T17:02:14.053000,Normal,
39,0.000000e+000,1.702889e-002,-3.537627e+001,2020-06-23T17:02:14.104000,Normal,
40,0.000000e+000,1.718161e-002,-3.529872e+001,2020-06-23T17:02:14.153000,Normal,
41,0.000000e+000,1.718161e-002,-3.529872e+001,2020-06-23T17:02:14.204000,Normal,
42,0.000000e+000,1.733688e-002,-3.522058e+001,2020-06-23T17:02:14.254000,Normal,
43,0.000000e+000,1.733688e-002,-3.522058e+001,2020-06-23T17:02:14.304000,Normal,
44,0.000000e+000,1.744434e-002,-3.516691e+001,2020-06-23T17:02:14.354000,Normal,
45,0.000000e+000,1.744434e-002,-3.516691e+001,2020-06-23T17:02:14.403000,Normal,
46,0.000000e+000,1.749875e-002,-3.513986e+001,2020-06-23T17:02:14.454000,Normal,
47,0.000000e+000,1.749875e-002,-3.513986e+001,2020-06-23T17:02:14.503000,Normal,
48,0.000000e+000,1.751271e-002,-3.513294e+001,2020-06-23T17:02:14.554000,Normal,
49,0.000000e+000,1.751271e-002,-3.513294e+001,2020-06-23T17:02:14.604000,Normal,
50,0.000000e+000,1.748010e-002,-3.514912e+001,2020-06-23T17:02:14.654000,Normal,
51,0.000000e+000,1.748010e-002,-3.514912e+001,2020-06-23T17:02:14.704000,Normal,
52,0.000000e+000,1.741243e-002,-3.518281e+001,2020-06-23T17:02:14.753000,Normal,
53,0.000000e+000,1.741243e-002,-3.518281e+001,2020-06-23T17:02:14.804000,Normal,
54,0.000000e+000,1.737769e-002,-3.520016e+001,2020-06-23T17:02:14.853000,Normal,
55,0.000000e+000,1.737769e-002,-3.520016e+001,2020-06-23T17:02:14.904000,Normal,
56,0.000000e+000,1.737699e-002,-3.520051e+001,2020-06-23T17:02:14.954000,Normal,
57,0.000000e+000,1.737699e-002,-3.520051e+001,2020-06-23T17:02:15.003000,Normal,
58,0.000000e+000,1.727066e-002,-3.525382e+001,2020-06-23T17:02:15.053000,Normal,
59,0.000000e+000,1.727066e-002,-3.525382e+001,2020-06-23T17:02:15.103000,Normal,
60,0.000000e+000,1.701802e-002,-3.538182e+001,2020-06-23T17:02:15.153000,Normal,
61,0.000000e+000,1.701802e-002,-3.538182e+001,2020-06-23T17:02:15.203000,Normal,
62,0.000000e+000,1.680422e-002,-3.549163e+001,2020-06-23T17:02:15.253000,Normal,
63,0.000000e+000,1.680422e-002,-3.549163e+001,2020-06-23T17:02:15.304000,Normal,
64,0.000000e+000,1.677766e-002,-3.550537e+001,2020-06-23T17:02:15.353000,Normal,
65,0.000000e+000,1.677766e-002,-3.550537e+001,2020-06-23T17:02:15.403000,Normal,
66,0.000000e+000,1.687804e-002,-3.545356e+001,2020-06-23T17:02:15.453000,Normal,
67,0.000000e+000,1.687804e-002,-3.545356e+001,2020-06-23T17:02:15.503000,Normal,
68,0.000000e+000,1.699199e-002,-3.539512e+001,2020-06-23T17:02:15.553000,Normal,
69,0.000000e+000,1.699199e-002,-3.539512e+001,2020-06-23T17:02:15.603000,Normal,
70,0.000000e+000,1.704193e-002,-3.536963e+001,2020-06-23T17:02:15.654000,Normal,
71,0.000000e+000,1.704193e-002,-3.536963e+001,2020-06-23T17:02:15.703000,Normal,
72,0.000000e+000,1.701118e-002,-3.538531e+001,2020-06-23T17:02:15.753000,Normal,
73,0.000000e+000,1.701118e-002,-3.538531e+001,2020-06-23T17:02:15.803000,Normal,
74,0.000000e+000,1.698646e-002,-3.539794e+001,2020-06-23T17:02:15.853000,Normal,
75,0.000000e+000,1.698646e-002,-3.539794e+001,2020-06-23T17:02:15.903000,Normal,
76,0.000000e+000,1.700244e-002,-3.538978e+001,2020-06-23T17:02:15.953000,Normal,
77,0.000000e+000,1.700244e-002,-3.538978e+001,2020-06-23T17:02:16.003000,Normal,
78,0.000000e+000,1.696620e-002,-3.540831e+001,2020-06-23T17:02:16.053000,Normal,
79,0.000000e+000,1.696620e-002,-3.540831e+001,2020-06-23T17:02:16.104000,Normal,
80,0.000000e+000,1.682941e-002,-3.547862e+001,2020-06-23T17:02:16.153000,Normal,
81,0.000000e+000,1.682941e-002,-3.547862e+001,2020-06-23T17:02:16.204000,Normal,
82,0.000000e+000,1.667166e-002,-3.556042e+001,2020-06-23T17:02:16.253000,Normal,
83,0.000000e+000,1.667166e-002,-3.556042e+001,2020-06-23T17:02:16.304000,Normal,
84,0.000000e+000,1.655348e-002,-3.562221e+001,2020-06-23T17:02:16.353000,Normal,
85,0.000000e+000,1.655348e-002,-3.562221e+001,2020-06-23T17:02:16.403000,Normal,
86,0.000000e+000,1.646660e-002,-3.566792e+001,2020-06-23T17:02:16.454000,Normal,
87,0.000000e+000,1.646660e-002,-3.566792e+001,2020-06-23T17:02:16.503000,Normal,
88,0.000000e+000,1.640389e-002,-3.570106e+001,2020-06-23T17:02:16.554000,Normal,
89,0.000000e+000,1.640389e-002,-3.570106e+001,2020-06-23T17:02:16.603000,Normal,
90,0.000000e+000,1.636508e-002,-3.572164e+001,2020-06-23T17:02:16.654000,Normal,
91,0.000000e+000,1.636508e-002,-3.572164e+001,2020-06-23T17:02:16.703000,Normal,
92,0.000000e+000,1.639463e-002,-3.570597e+001,2020-06-23T17:02:16.753000,Normal,
93,0.000000e+000,1.639463e-002,-3.570597e+001,2020-06-23T17:02:16.804000,Normal,
94,0.000000e+000,1.651255e-002,-3.564372e+001,2020-06-23T17:02:16.853000,Normal,
95,0.000000e+000,1.651255e-002,-3.564372e+001,2020-06-23T17:02:16.904000,Normal,
96,0.000000e+000,1.664278e-002,-3.557548e+001,2020-06-23T17:02:16.953000,Normal,
97,0.000000e+000,1.664278e-002,-3.557548e+001,2020-06-23T17:02:17.004000,Normal,
98,0.000000e+000,1.671391e-002,-3.553844e+001,2020-06-23T17:02:17.053000,Normal,
99,0.000000e+000,1.671391e-002,-3.553844e+001,2020-06-23T17:02:17.104000,Normal,
100,0.000000e+000,1.671086e-002,-3.554003e+001,2020-06-23T17:02:17.154000,Normal,
101,0.000000e+000,1.671086e-002,-3.554003e+001,2020-06-23T17:02:17.204000,Normal,
102,0.000000e+000,1.666768e-002,-3.556249e+001,2020-06-23T17:02:17.254000,Normal,
103,0.000000e+000,1.666768e-002,-3.556249e+001,2020-06-23T17:02:17.304000,Normal,
104,0.000000e+000,1.666705e-002,-3.556283e+001,2020-06-23T17:02:17.354000,Normal,
105,0.000000e+000,1.666705e-002,-3.556283e+001,2020-06-23T17:02:17.403000,Normal,
106,0.000000e+000,1.673824e-002,-3.552581e+001,2020-06-23T17:02:17.454000,Normal,
107,0.000000e+000,1.673824e-002,-3.552581e+001,2020-06-23T17:02:17.504000,Normal,
108,0.000000e+000,1.678587e-002,-3.550112e+001,2020-06-23T17:02:17.554000,Normal,
109,0.000000e+000,1.678587e-002,-3.550112e+001,2020-06-23T17:02:17.604000,Normal,
110,0.000000e+000,1.673127e-002,-3.552942e+001,2020-06-23T17:02:17.654000,Normal,
111,0.000000e+000,1.673127e-002,-3.552942e+001,2020-06-23T17:02:17.704000,Normal,
112,0.000000e+000,1.665269e-002,-3.557031e+001,2020-06-23T17:02:17.753000,Normal,
113,0.000000e+000,1.665269e-002,-3.557031e+001,2020-06-23T17:02:17.804000,Normal,
114,0.000000e+000,1.666797e-002,-3.556235e+001,2020-06-23T17:02:17.854000,Normal,
115,0.000000e+000,1.666797e-002,-3.556235e+001,2020-06-23T17:02:17.904000,Normal,
116,0.000000e+000,1.676960e-002,-3.550955e+001,2020-06-23T17:02:17.954000,Normal,
117,0.000000e+000,1.676960e-002,-3.550955e+001,2020-06-23T17:02:18.003000,Normal,
118,0.000000e+000,1.684573e-002,-3.547020e+001,2020-06-23T17:02:18.053000,Normal,
119,0.000000e+000,1.684573e-002,-3.547020e+001,2020-06-23T17:02:18.103000,Normal,
120,0.000000e+000,1.684795e-002,-3.546906e+001,2020-06-23T17:02:18.153000,Normal,
121,0.000000e+000,1.684795e-002,-3.546906e+001,2020-06-23T17:02:18.204000,Normal,
122,0.000000e+000,1.682206e-002,-3.548242e+001,2020-06-23T17:02:18.253000,Normal,
123,0.000000e+000,1.682206e-002,-3.548242e+001,2020-06-23T17:02:18.304000,Normal,
124,0.000000e+000,1.682508e-002,-3.548086e+001,2020-06-23T17:02:18.353000,Normal,
125,0.000000e+000,1.682508e-002,-3.548086e+001,2020-06-23T17:02:18.403000,Normal,
126,0.000000e+000,1.687729e-002,-3.545395e+001,2020-06-23T17:02:18.453000,Normal,
127,0.000000e+000,1.687729e-002,-3.545395e+001,2020-06-23T17:02:18.503000,Normal,
128,0.000000e+000,1.699620e-002,-3.539296e+001,2020-06-23T17:02:18.553000,Normal,
129,0.000000e+000,1.699620e-002,-3.539296e+001,2020-06-23T17:02:18.603000,Normal,
130,0.000000e+000,1.717088e-002,-3.530415e+001,2020-06-23T17:02:18.654000,Normal,
131,0.000000e+000,1.717088e-002,-3.530415e+001,2020-06-23T17:02:18.703000,Normal,
132,0.000000e+000,1.729941e-002,-3.523938e+001,2020-06-23T17:02:18.753000,Normal,
133,0.000000e+000,1.729941e-002,-3.523938e+001,2020-06-23T17:02:18.803000,Normal,
134,0.000000e+000,1.729949e-002,-3.523934e+001,2020-06-23T17:02:18.853000,Normal,
135,0.000000e+000,1.729949e-002,-3.523934e+001,2020-06-23T17:02:18.903000,Normal,
136,0.000000e+000,1.721194e-002,-3.528340e+001,2020-06-23T17:02:18.953000,Normal,
137,0.000000e+000,1.721194e-002,-3.528340e+001,2020-06-23T17:02:19.004000,Normal,
138,0.000000e+000,1.715986e-002,-3.530973e+001,2020-06-23T17:02:19.053000,Normal,
139,0.000000e+000,1.715986e-002,-3.530973e+001,2020-06-23T17:02:19.104000,Normal,
140,0.000000e+000,1.724441e-002,-3.526704e+001,2020-06-23T17:02:19.153000,Normal,
141,0.000000e+000,1.724441e-002,-3.526704e+001,2020-06-23T17:02:19.204000,Normal,
142,0.000000e+000,1.737597e-002,-3.520102e+001,2020-06-23T17:02:19.253000,Normal,
143,0.000000e+000,1.737597e-002,-3.520102e+001,2020-06-23T17:02:19.304000,Normal,
144,0.000000e+000,1.736907e-002,-3.520447e+001,2020-06-23T17:02:19.354000,Normal,
145,0.000000e+000,1.736907e-002,-3.520447e+001,2020-06-23T17:02:19.403000,Normal,
146,0.000000e+000,1.724115e-002,-3.526868e+001,2020-06-23T17:02:19.454000,Normal,
147,0.000000e+000,1.724115e-002,-3.526868e+001,2020-06-23T17:02:19.503000,Normal,
148,0.000000e+000,1.718335e-002,-3.529784e+001,2020-06-23T17:02:19.554000,Normal,
149,0.000000e+000,1.718335e-002,-3.529784e+001,2020-06-23T17:02:19.603000,Normal,
150,0.000000e+000,1.723667e-002,-3.527094e+001,2020-06-23T17:02:19.654000,Normal,
151,0.000000e+000,1.723667e-002,-3.527094e+001,2020-06-23T17:02:19.704000,Normal,
152,0.000000e+000,1.732503e-002,-3.522652e+001,2020-06-23T17:02:19.753000,Normal,
153,0.000000e+000,1.732503e-002,-3.522652e+001,2020-06-23T17:02:19.804000,Normal,
154,0.000000e+000,1.745355e-002,-3.516233e+001,2020-06-23T17:02:19.853000,Normal,
155,0.000000e+000,1.745355e-002,-3.516233e+001,2020-06-23T17:02:19.904000,Normal,
156,0.000000e+000,1.757252e-002,-3.510332e+001,2020-06-23T17:02:19.953000,Normal,
157,0.000000e+000,1.757252e-002,-3.510332e+001,2020-06-23T17:02:20.004000,Normal,
158,0.000000e+000,1.755282e-002,-3.511306e+001,2020-06-23T17:02:20.054000,Normal,
159,0.000000e+000,1.755282e-002,-3.511306e+001,2020-06-23T17:02:20.104000,Normal,
160,0.000000e+000,1.737507e-002,-3.520147e+001,2020-06-23T17:02:20.154000,Normal,
161,0.000000e+000,1.737507e-002,-3.520147e+001,2020-06-23T17:02:20.204000,Normal,
162,0.000000e+000,1.714619e-002,-3.531665e+001,2020-06-23T17:02:20.254000,Normal,
163,0.000000e+000,1.714619e-002,-3.531665e+001,2020-06-23T17:02:20.304000,Normal,
164,0.000000e+000,1.695709e-002,-3.541297e+001,2020-06-23T17:02:20.354000,Normal,
165,0.000000e+000,1.695709e-002,-3.541297e+001,2020-06-23T17:02:20.404000,Normal,
166,0.000000e+000,1.685808e-002,-3.546384e+001,2020-06-23T17:02:20.454000,Normal,
167,0.000000e+000,1.685808e-002,-3.546384e+001,2020-06-23T17:02:20.504000,Normal,
168,0.000000e+000,1.681888e-002,-3.548406e+001,2020-06-23T17:02:20.554000,Normal,
169,0.000000e+000,1.681888e-002,-3.548406e+001,2020-06-23T17:02:20.604000,Normal,
170,0.000000e+000,1.676935e-002,-3.550967e+001,2020-06-23T17:02:20.654000,Normal,
171,0.000000e+000,1.676935e-002,-3.550967e+001,2020-06-23T17:02:20.704000,Normal,
172,0.000000e+000,1.671690e-002,-3.553688e+001,2020-06-23T17:02:20.754000,Normal,
173,0.000000e+000,1.671690e-002,-3.553688e+001,2020-06-23T17:02:20.804000,Normal,
174,0.000000e+000,1.672825e-002,-3.553099e+001,2020-06-23T17:02:20.854000,Normal,
175,0.000000e+000,1.672825e-002,-3.553099e+001,2020-06-23T17:02:20.904000,Normal,
176,0.000000e+000,1.682158e-002,-3.548266e+001,2020-06-23T17:02:20.954000,Normal,
177,0.000000e+000,1.682158e-002,-3.548266e+001,2020-06-23T17:02:21.003000,Normal,
178,0.000000e+000,1.696578e-002,-3.540852e+001,2020-06-23T17:02:21.053000,Normal,
179,0.000000e+000,1.696578e-002,-3.540852e+001,2020-06-23T17:02:21.103000,Normal,
180,0.000000e+000,1.711999e-002,-3.532993e+001,2020-06-23T17:02:21.153000,Normal,
181,0.000000e+000,1.711999e-002,-3.532993e+001,2020-06-23T17:02:21.204000,Normal,
182,0.000000e+000,1.723608e-002,-3.527123e+001,2020-06-23T17:02:21.253000,Normal,
183,0.000000e+000,1.723608e-002,-3.527123e+001,2020-06-23T17:02:21.304000,Normal,
184,0.000000e+000,1.732282e-002,-3.522763e+001,2020-06-23T17:02:21.353000,Normal,
185,0.000000e+000,1.732282e-002,-3.522763e+001,2020-06-23T17:02:21.403000,Normal,
186,0.000000e+000,1.739460e-002,-3.519171e+001,2020-06-23T17:02:21.453000,Normal,
187,0.000000e+000,1.739460e-002,-3.519171e+001,2020-06-23T17:02:21.503000,Normal,
188,0.000000e+000,1.736011e-002,-3.520895e+001,2020-06-23T17:02:21.554000,Normal,
189,0.000000e+000,1.736011e-002,-3.520895e+001,2020-06-23T17:02:21.603000,Normal,
190,0.000000e+000,1.716301e-002,-3.530813e+001,2020-06-23T17:02:21.654000,Normal,
191,0.000000e+000,1.716301e-002,-3.530813e+001,2020-06-23T17:02:21.703000,Normal,
192,0.000000e+000,1.695570e-002,-3.541369e+001,2020-06-23T17:02:21.753000,Normal,
193,0.000000e+000,1.695570e-002,-3.541369e+001,2020-06-23T17:02:21.803000,Normal,
194,0.000000e+000,1.689192e-002,-3.544642e+001,2020-06-23T17:02:21.853000,Normal,
195,0.000000e+000,1.689192e-002,-3.544642e+001,2020-06-23T17:02:21.904000,Normal,
196,0.000000e+000,1.693782e-002,-3.542285e+001,2020-06-23T17:02:21.953000,Normal,
197,0.000000e+000,1.693782e-002,-3.542285e+001,2020-06-23T17:02:22.004000,Normal,
198,0.000000e+000,1.701476e-002,-3.538348e+001,2020-06-23T17:02:22.053000,Normal,
199,0.000000e+000,1.701476e-002,-3.538348e+001,2020-06-23T17:02:22.104000,Normal,
200,0.000000e+000,1.711199e-002,-3.533399e+001,2020-06-23T17:02:22.153000,Normal,
201,0.000000e+000,1.711199e-002,-3.533399e+001,2020-06-23T17:02:22.204000,Normal,
202,0.000000e+000,1.725292e-002,-3.526275e+001,2020-06-23T17:02:22.254000,Normal,
203,0.000000e+000,1.725292e-002,-3.526275e+001,2020-06-23T17:02:22.304000,Normal,
204,0.000000e+000,1.741259e-002,-3.518273e+001,2020-06-23T17:02:22.354000,Normal,
205,0.000000e+000,1.741259e-002,-3.518273e+001,2020-06-23T17:02:22.403000,Normal,
206,0.000000e+000,1.748417e-002,-3.514710e+001,2020-06-23T17:02:22.454000,Normal,
207,0.000000e+000,1.748417e-002,-3.514710e+001,2020-06-23T17:02:22.503000,Normal,
208,0.000000e+000,1.739871e-002,-3.518966e+001,2020-06-23T17:02:22.554000,Normal,
209,0.000000e+000,1.739871e-002,-3.518966e+001,2020-06-23T17:02:22.604000,Normal,
210,0.000000e+000,1.725116e-002,-3.526363e+001,2020-06-23T17:02:22.654000,Normal,
211,0.000000e+000,1.725116e-002,-3.526363e+001,2020-06-23T17:02:22.704000,Normal,
212,0.000000e+000,1.719157e-002,-3.529369e+001,2020-06-23T17:02:22.753000,Normal,
213,0.000000e+000,1.719157e-002,-3.529369e+001,2020-06-23T17:02:22.804000,Normal,
214,0.000000e+000,1.728790e-002,-3.524515e+001,2020-06-23T17:02:22.853000,Normal,
215,0.000000e+000,1.728790e-002,-3.524515e+001,2020-06-23T17:02:22.904000,Normal,
216,0.000000e+000,1.749392e-002,-3.514226e+001,2020-06-23T17:02:22.954000,Normal,
217,0.000000e+000,1.749392e-002,-3.514226e+001,2020-06-23T17:02:23.003000,Normal,
218,0.000000e+000,1.764868e-002,-3.506575e+001,2020-06-23T17:02:23.053000,Normal,
219,0.000000e+000,1.764868e-002,-3.506575e+001,2020-06-23T17:02:23.103000,Normal,
220,0.000000e+000,1.763151e-002,-3.507421e+001,2020-06-23T17:02:23.153000,Normal,
221,0.000000e+000,1.763151e-002,-3.507421e+001,2020-06-23T17:02:23.203000,Normal,
222,0.000000e+000,1.754059e-002,-3.511912e+001,2020-06-23T17:02:23.253000,Normal,
223,0.000000e+000,1.754059e-002,-3.511912e+001,2020-06-23T17:02:23.304000,Normal,
224,0.000000e+000,1.752643e-002,-3.512613e+001,2020-06-23T17:02:23.353000,Normal,
225,0.000000e+000,1.752643e-002,-3.512613e+001,2020-06-23T17:02:23.403000,Normal,
226,0.000000e+000,1.756480e-002,-3.510714e+001,2020-06-23T17:02:23.453000,Normal,
227,0.000000e+000,1.756480e-002,-3.510714e+001,2020-06-23T17:02:23.503000,Normal,
228,0.000000e+000,1.752606e-002,-3.512631e+001,2020-06-23T17:02:23.553000,Normal,
229,0.000000e+000,1.752606e-002,-3.512631e+001,2020-06-23T17:02:23.603000,Normal,
230,0.000000e+000,1.736823e-002,-3.520489e+001,2020-06-23T17:02:23.653000,Normal,
231,0.000000e+000,1.736823e-002,-3.520489e+001,2020-06-23T17:02:23.703000,Normal,
232,0.000000e+000,1.719458e-002,-3.529217e+001,2020-06-23T17:02:23.753000,Normal,
233,0.000000e+000,1.719458e-002,-3.529217e+001,2020-06-23T17:02:23.803000,Normal,
234,0.000000e+000,1.713516e-002,-3.532223e+001,2020-06-23T17:02:23.853000,Normal,
235,0.000000e+000,1.713516e-002,-3.532223e+001,2020-06-23T17:02:23.903000,Normal,
236,0.000000e+000,1.720335e-002,-3.528774e+001,2020-06-23T17:02:23.953000,Normal,
237,0.000000e+000,1.720335e-002,-3.528774e+001,2020-06-23T17:02:24.003000,Normal,
238,0.000000e+000,1.727335e-002,-3.525247e+001,2020-06-23T17:02:24.053000,Normal,
239,0.000000e+000,1.727335e-002,-3.525247e+001,2020-06-23T17:02:24.104000,Normal,
240,0.000000e+000,1.724183e-002,-3.526833e+001,2020-06-23T17:02:24.153000,Normal,
241,0.000000e+000,1.724183e-002,-3.526833e+001,2020-06-23T17:02:24.204000,Normal,
242,0.000000e+000,1.716017e-002,-3.530957e+001,2020-06-23T17:02:24.253000,Normal,
243,0.000000e+000,1.716017e-002,-3.530957e+001,2020-06-23T17:02:24.304000,Normal,
244,0.000000e+000,1.715677e-002,-3.531129e+001,2020-06-23T17:02:24.353000,Normal,
245,0.000000e+000,1.715677e-002,-3.531129e+001,2020-06-23T17:02:24.403000,Normal,
246,0.000000e+000,1.722232e-002,-3.527817e+001,2020-06-23T17:02:24.454000,Normal,
247,0.000000e+000,1.722232e-002,-3.527817e+001,2020-06-23T17:02:24.503000,Normal,
248,0.000000e+000,1.722485e-002,-3.527689e+001,2020-06-23T17:02:24.554000,Normal,
249,0.000000e+000,1.722485e-002,-3.527689e+001,2020-06-23T17:02:24.603000,Normal,
250,0.000000e+000,1.714569e-002,-3.531690e+001,2020-06-23T17:02:24.654000,Normal,
251,0.000000e+000,1.714569e-002,-3.531690e+001,2020-06-23T17:02:24.703000,Normal,
252,0.000000e+000,1.711148e-002,-3.533425e+001,2020-06-23T17:02:24.753000,Normal,
253,0.000000e+000,1.711148e-002,-3.533425e+001,2020-06-23T17:02:24.804000,Normal,
254,0.000000e+000,1.718559e-002,-3.529671e+001,2020-06-23T17:02:24.853000,Normal,
255,0.000000e+000,1.718559e-002,-3.529671e+001,2020-06-23T17:02:24.904000,Normal,
256,0.000000e+000,1.733277e-002,-3.522264e+001,2020-06-23T17:02:24.953000,Normal,
257,0.000000e+000,1.733277e-002,-3.522264e+001,2020-06-23T17:02:25.004000,Normal,
258,0.000000e+000,1.750850e-002,-3.513502e+001,2020-06-23T17:02:25.053000,Normal,
259,0.000000e+000,1.750850e-002,-3.513502e+001,2020-06-23T17:02:25.104000,Normal,
260,0.000000e+000,1.768323e-002,-3.504877e+001,2020-06-23T17:02:25.154000,Normal,
261,0.000000e+000,1.768323e-002,-3.504877e+001,2020-06-23T17:02:25.204000,Normal,
262,0.000000e+000,1.779336e-002,-3.499484e+001,2020-06-23T17:02:25.254000,Normal,
263,0.000000e+000,1.779336e-002,-3.499484e+001,2020-06-23T17:02:25.304000,Normal,
264,0.000000e+000,1.777914e-002,-3.500178e+001,2020-06-23T17:02:25.354000,Normal,
265,0.000000e+000,1.777914e-002,-3.500178e+001,2020-06-23T17:02:25.403000,Normal,
266,0.000000e+000,1.770672e-002,-3.503724e+001,2020-06-23T17:02:25.454000,Normal,
267,0.000000e+000,1.770672e-002,-3.503724e+001,2020-06-23T17:02:25.504000,Normal,
268,0.000000e+000,1.772918e-002,-3.502623e+001,2020-06-23T17:02:25.554000,Normal,
269,0.000000e+000,1.772918e-002,-3.502623e+001,2020-06-23T17:02:25.604000,Normal,
270,0.000000e+000,1.793784e-002,-3.492460e+001,2020-06-23T17:02:25.654000,Normal,
271,0.000000e+000,1.793784e-002,-3.492460e+001,2020-06-23T17:02:25.704000,Normal,
272,0.000000e+000,1.821954e-002,-3.478925e+001,2020-06-23T17:02:25.753000,Normal,
273,0.000000e+000,1.821954e-002,-3.478925e+001,2020-06-23T17:02:25.804000,Normal,
274,0.000000e+000,1.839345e-002,-3.470674e+001,2020-06-23T17:02:25.854000,Normal,
275,0.000000e+000,1.839345e-002,-3.470674e+001,2020-06-23T17:02:25.904000,Normal,
276,0.000000e+000,1.840385e-002,-3.470183e+001,2020-06-23T17:02:25.954000,Normal,
277,0.000000e+000,1.840385e-002,-3.470183e+001,2020-06-23T17:02:26.003000,Normal,
278,0.000000e+000,1.830698e-002,-3.474766e+001,2020-06-23T17:02:26.053000,Normal,
279,0.000000e+000,1.830698e-002,-3.474766e+001,2020-06-23T17:02:26.103000,Normal,
280,0.000000e+000,1.815980e-002,-3.481778e+001,2020-06-23T17:02:26.153000,Normal,
281,0.000000e+000,1.815980e-002,-3.481778e+001,2020-06-23T17:02:26.203000,Normal,
282,0.000000e+000,1.795257e-002,-3.491747e+001,2020-06-23T17:02:26.253000,Normal,
283,0.000000e+000,1.795257e-002,-3.491747e+001,2020-06-23T17:02:26.304000,Normal,
284,0.000000e+000,1.768620e-002,-3.504731e+001,2020-06-23T17:02:26.353000,Normal,
285,0.000000e+000,1.768620e-002,-3.504731e+001,2020-06-23T17:02:26.403000,Normal,
286,0.000000e+000,1.746616e-002,-3.515605e+001,2020-06-23T17:02:26.453000,Normal,
287,0.000000e+000,1.746616e-002,-3.515605e+001,2020-06-23T17:02:26.503000,Normal,
288,0.000000e+000,1.741871e-002,-3.517968e+001,2020-06-23T17:02:26.553000,Normal,
289,0.000000e+000,1.741871e-002,-3.517968e+001,2020-06-23T17:02:26.603000,Normal,
290,0.000000e+000,1.748546e-002,-3.514646e+001,2020-06-23T17:02:26.654000,Normal,
291,0.000000e+000,1.748546e-002,-3.514646e+001,2020-06-23T17:02:26.703000,Normal,
292,0.000000e+000,1.751997e-002,-3.512933e+001,2020-06-23T17:02:26.753000,Normal,
293,0.000000e+000,1.751997e-002,-3.512933e+001,2020-06-23T17:02:26.803000,Normal,
294,0.000000e+000,1.750642e-002,-3.513605e+001,2020-06-23T17:02:26.853000,Normal,
295,0.000000e+000,1.750642e-002,-3.513605e+001,2020-06-23T17:02:26.903000,Normal,
296,0.000000e+000,1.749471e-002,-3.514187e+001,2020-06-23T17:02:26.953000,Normal,
297,0.000000e+000,1.749471e-002,-3.514187e+001,2020-06-23T17:02:27.004000,Normal,
298,0.000000e+000,1.743002e-002,-3.517404e+001,2020-06-23T17:02:27.053000,Normal,
299,0.000000e+000,1.743002e-002,-3.517404e+001,2020-06-23T17:02:27.104000,Normal,
300,0.000000e+000,1.729170e-002,-3.524324e+001,2020-06-23T17:02:27.153000,Normal,
301,0.000000e+000,1.729170e-002,-3.524324e+001,2020-06-23T17:02:27.204000,Normal,
302,0.000000e+000,1.717433e-002,-3.530240e+001,2020-06-23T17:02:27.253000,Normal,
303,0.000000e+000,1.717433e-002,-3.530240e+001,2020-06-23T17:02:27.304000,Normal,
304,0.000000e+000,1.715425e-002,-3.531256e+001,2020-06-23T17:02:27.354000,Normal,
305,0.000000e+000,1.715425e-002,-3.531256e+001,2020-06-23T17:02:27.403000,Normal,
306,0.000000e+000,1.718960e-002,-3.529468e+001,2020-06-23T17:02:27.454000,Normal,
307,0.000000e+000,1.718960e-002,-3.529468e+001,2020-06-23T17:02:27.503000,Normal,
308,0.000000e+000,1.718478e-002,-3.529712e+001,2020-06-23T17:02:27.554000,Normal,
309,0.000000e+000,1.718478e-002,-3.529712e+001,2020-06-23T17:02:27.603000,Normal,
310,0.000000e+000,1.715452e-002,-3.531243e+001,2020-06-23T17:02:27.654000,Normal,
311,0.000000e+000,1.715452e-002,-3.531243e+001,2020-06-23T17:02:27.704000,Normal,
312,0.000000e+000,1.719427e-002,-3.529232e+001,2020-06-23T17:02:27.753000,Normal,
313,0.000000e+000,1.719427e-002,-3.529232e+001,2020-06-23T17:02:27.804000,Normal,
314,0.000000e+000,1.731290e-002,-3.523260e+001,2020-06-23T17:02:27.853000,Normal,
315,0.000000e+000,1.731290e-002,-3.523260e+001,2020-06-23T17:02:27.904000,Normal,
316,0.000000e+000,1.736231e-002,-3.520785e+001,2020-06-23T17:02:27.953000,Normal,
317,0.000000e+000,1.736231e-002,-3.520785e+001,2020-06-23T17:02:28.004000,Normal,
318,0.000000e+000,1.721820e-002,-3.528024e+001,2020-06-23T17:02:28.054000,Normal,
319,0.000000e+000,1.721820e-002,-3.528024e+001,2020-06-23T17:02:28.104000,Normal,
320,0.000000e+000,1.695555e-002,-3.541376e+001,2020-06-23T17:02:28.154000,Normal,
321,0.000000e+000,1.695555e-002,-3.541376e+001,2020-06-23T17:02:28.204000,Normal,
322,0.000000e+000,1.676438e-002,-3.551225e+001,2020-06-23T17:02:28.254000,Normal,
323,0.000000e+000,1.676438e-002,-3.551225e+001,2020-06-23T17:02:28.304000,Normal,
324,0.000000e+000,1.675412e-002,-3.551757e+001,2020-06-23T17:02:28.354000,Normal,
325,0.000000e+000,1.675412e-002,-3.551757e+001,2020-06-23T17:02:28.404000,Normal,
326,0.000000e+000,1.690644e-002,-3.543895e+001,2020-06-23T17:02:28.454000,Normal,
327,0.000000e+000,1.690644e-002,-3.543895e+001,2020-06-23T17:02:28.504000,Normal,
328,0.000000e+000,1.720169e-002,-3.528858e+001,2020-06-23T17:02:28.554000,Normal,
329,0.000000e+000,1.720169e-002,-3.528858e+001,2020-06-23T17:02:28.604000,Normal,
330,0.000000e+000,1.758243e-002,-3.509842e+001,2020-06-23T17:02:28.654000,Normal,
331,0.000000e+000,1.758243e-002,-3.509842e+001,2020-06-23T17:02:28.704000,Normal,
332,0.000000e+000,1.786316e-002,-3.496083e+001,2020-06-23T17:02:28.753000,Normal,
333,0.000000e+000,1.786316e-002,-3.496083e+001,2020-06-23T17:02:28.804000,Normal,
334,0.000000e+000,1.796539e-002,-3.491127e+001,2020-06-23T17:02:28.854000,Normal,
335,0.000000e+000,1.796539e-002,-3.491127e+001,2020-06-23T17:02:28.904000,Normal,
336,0.000000e+000,1.803319e-002,-3.487855e+001,2020-06-23T17:02:28.954000,Normal,
337,0.000000e+000,1.803319e-002,-3.487855e+001,2020-06-23T17:02:29.003000,Normal,
338,0.000000e+000,1.813601e-002,-3.482916e+001,2020-06-23T17:02:29.053000,Normal,
339,0.000000e+000,1.813601e-002,-3.482916e+001,2020-06-23T17:02:29.103000,Normal,
340,0.000000e+000,1.815633e-002,-3.481944e+001,2020-06-23T17:02:29.153000,Normal,
341,0.000000e+000,1.815633e-002,-3.481944e+001,2020-06-23T17:02:29.204000,Normal,
342,0.000000e+000,1.805428e-002,-3.486840e+001,2020-06-23T17:02:29.253000,Normal,
343,0.000000e+000,1.805428e-002,-3.486840e+001,2020-06-23T17:02:29.304000,Normal,
344,0.000000e+000,1.790684e-002,-3.493962e+001,2020-06-23T17:02:29.353000,Normal,
345,0.000000e+000,1.790684e-002,-3.493962e+001,2020-06-23T17:02:29.403000,Normal,
346,0.000000e+000,1.777782e-002,-3.500243e+001,2020-06-23T17:02:29.453000,Normal,
347,0.000000e+000,1.777782e-002,-3.500243e+001,2020-06-23T17:02:29.503000,Normal,
348,0.000000e+000,1.772357e-002,-3.502897e+001,2020-06-23T17:02:29.554000,Normal,
349,0.000000e+000,1.772357e-002,-3.502897e+001,2020-06-23T17:02:29.603000,Normal,
350,0.000000e+000,1.779531e-002,-3.499389e+001,2020-06-23T17:02:29.654000,Normal,
351,0.000000e+000,1.779531e-002,-3.499389e+001,2020-06-23T17:02:29.703000,Normal,
352,0.000000e+000,1.797349e-002,-3.490735e+001,2020-06-23T17:02:29.753000,Normal,
353,0.000000e+000,1.797349e-002,-3.490735e+001,2020-06-23T17:02:29.803000,Normal,
354,0.000000e+000,1.818032e-002,-3.480797e+001,2020-06-23T17:02:29.853000,Normal,
355,0.000000e+000,1.818032e-002,-3.480797e+001,2020-06-23T17:02:29.904000,Normal,
356,0.000000e+000,1.831352e-002,-3.474456e+001,2020-06-23T17:02:29.953000,Normal,
357,0.000000e+000,1.831352e-002,-3.474456e+001,2020-06-23T17:02:30.004000,Normal,
358,0.000000e+000,1.830558e-002,-3.474833e+001,2020-06-23T17:02:30.053000,Normal,
359,0.000000e+000,1.830558e-002,-3.474833e+001,2020-06-23T17:02:30.104000,Normal,
360,0.000000e+000,1.821411e-002,-3.479184e+001,2020-06-23T17:02:30.153000,Normal,
361,0.000000e+000,1.821411e-002,-3.479184e+001,2020-06-23T17:02:30.204000,Normal,
362,0.000000e+000,1.814723e-002,-3.482379e+001,2020-06-23T17:02:30.254000,Normal,
363,0.000000e+000,1.814723e-002,-3.482379e+001,2020-06-23T17:02:30.304000,Normal,
364,0.000000e+000,1.817138e-002,-3.481224e+001,2020-06-23T17:02:30.354000,Normal,
365,0.000000e+000,1.817138e-002,-3.481224e+001,2020-06-23T17:02:30.403000,Normal,
366,0.000000e+000,1.826603e-002,-3.476712e+001,2020-06-23T17:02:30.454000,Normal,
367,0.000000e+000,1.826603e-002,-3.476712e+001,2020-06-23T17:02:30.503000,Normal,
368,0.000000e+000,1.840374e-002,-3.470188e+001,2020-06-23T17:02:30.554000,Normal,
369,0.000000e+000,1.840374e-002,-3.470188e+001,2020-06-23T17:02:30.604000,Normal,
370,0.000000e+000,2.250840e-002,-3.295311e+001,2020-06-23T17:02:30.654000,Normal,
371,0.000000e+000,2.250840e-002,-3.295311e+001,2020-06-23T17:02:30.704000,Normal,
372,0.000000e+000,3.639207e-002,-2.877987e+001,2020-06-23T17:02:30.753000,Normal,
373,0.000000e+000,3.639207e-002,-2.877987e+001,2020-06-23T17:02:30.804000,Normal,
374,0.000000e+000,5.209159e-002,-2.566465e+001,2020-06-23T17:02:30.853000,Normal,
375,0.000000e+000,5.209159e-002,-2.566465e+001,2020-06-23T17:02:30.904000,Normal,
376,0.000000e+000,6.039099e-002,-2.438056e+001,2020-06-23T17:02:30.954000,Normal,
377,0.000000e+000,6.039099e-002,-2.438056e+001,2020-06-23T17:02:31.004000,Normal,
378,0.000000e+000,5.853013e-002,-2.465241e+001,2020-06-23T17:02:31.054000,Normal,
379,0.000000e+000,5.853013e-002,-2.465241e+001,2020-06-23T17:02:31.104000,Normal,
380,0.000000e+000,5.073486e-002,-2.589387e+001,2020-06-23T17:02:31.154000,Normal,
381,0.000000e+000,5.073486e-002,-2.589387e+001,2020-06-23T17:02:31.204000,Normal,
382,0.000000e+000,4.348620e-002,-2.723297e+001,2020-06-23T17:02:31.254000,Normal,
383,0.000000e+000,4.348620e-002,-2.723297e+001,2020-06-23T17:02:31.304000,Normal,
384,0.000000e+000,3.907468e-002,-2.816209e+001,2020-06-23T17:02:31.354000,Normal,
385,0.000000e+000,3.907468e-002,-2.816209e+001,2020-06-23T17:02:31.404000,Normal,
386,0.000000e+000,3.815001e-002,-2.837011e+001,2020-06-23T17:02:31.454000,Normal,
387,0.000000e+000,3.815001e-002,-2.837011e+001,2020-06-23T17:02:31.504000,Normal,
388,0.000000e+000,4.123140e-002,-2.769544e+001,2020-06-23T17:02:31.554000,Normal,
389,0.000000e+000,4.123140e-002,-2.769544e+001,2020-06-23T17:02:31.604000,Normal,
390,0.000000e+000,4.703328e-002,-2.655189e+001,2020-06-23T17:02:31.654000,Normal,
391,0.000000e+000,4.703328e-002,-2.655189e+001,2020-06-23T17:02:31.704000,Normal,
392,0.000000e+000,5.343142e-002,-2.544407e+001,2020-06-23T17:02:31.754000,Normal,
393,0.000000e+000,5.343142e-002,-2.544407e+001,2020-06-23T17:02:31.804000,Normal,
394,0.000000e+000,5.887655e-002,-2.460115e+001,2020-06-23T17:02:31.854000,Normal,
395,0.000000e+000,5.887655e-002,-2.460115e+001,2020-06-23T17:02:31.904000,Normal,
396,0.000000e+000,6.593333e-002,-2.361790e+001,2020-06-23T17:02:31.954000,Normal,
397,0.000000e+000,6.593333e-002,-2.361790e+001,2020-06-23T17:02:32.003000,Normal,
398,0.000000e+000,7.706433e-002,-2.226293e+001,2020-06-23T17:02:32.053000,Normal,
399,0.000000e+000,7.706433e-002,-2.226293e+001,2020-06-23T17:02:32.104000,Normal,
400,0.000000e+000,8.748616e-002,-2.116121e+001,2020-06-23T17:02:32.153000,Normal,
401,0.000000e+000,8.748616e-002,-2.116121e+001,2020-06-23T17:02:32.204000,Normal,
402,0.000000e+000,9.263268e-002,-2.066472e+001,2020-06-23T17:02:32.253000,Normal,
403,0.000000e+000,9.263268e-002,-2.066472e+001,2020-06-23T17:02:32.304000,Normal,
404,0.000000e+000,9.565354e-002,-2.038598e+001,2020-06-23T17:02:32.353000,Normal,
405,0.000000e+000,9.565354e-002,-2.038598e+001,2020-06-23T17:02:32.403000,Normal,
406,0.000000e+000,1.029269e-001,-1.974942e+001,2020-06-23T17:02:32.454000,Normal,
407,0.000000e+000,1.029269e-001,-1.974942e+001,2020-06-23T17:02:32.503000,Normal,
408,0.000000e+000,1.141295e-001,-1.885204e+001,2020-06-23T17:02:32.554000,Normal,
409,0.000000e+000,1.141295e-001,-1.885204e+001,2020-06-23T17:02:32.603000,Normal,
410,0.000000e+000,1.274112e-001,-1.789585e+001,2020-06-23T17:02:32.654000,Normal,
411,0.000000e+000,1.274112e-001,-1.789585e+001,2020-06-23T17:02:32.703000,Normal,
412,0.000000e+000,1.385850e-001,-1.716568e+001,2020-06-23T17:02:32.753000,Normal,
413,0.000000e+000,1.385850e-001,-1.716568e+001,2020-06-23T17:02:32.804000,Normal,
414,0.000000e+000,1.401391e-001,-1.706882e+001,2020-06-23T17:02:32.853000,Normal,
415,0.000000e+000,1.401391e-001,-1.706882e+001,2020-06-23T17:02:32.904000,Normal,
416,0.000000e+000,1.313049e-001,-1.763438e+001,2020-06-23T17:02:32.953000,Normal,
417,0.000000e+000,1.313049e-001,-1.763438e+001,2020-06-23T17:02:33.004000,Normal,
418,0.000000e+000,1.223980e-001,-1.824451e+001,2020-06-23T17:02:33.053000,Normal,
419,0.000000e+000,1.223980e-001,-1.824451e+001,2020-06-23T17:02:33.104000,Normal,
420,0.000000e+000,1.235002e-001,-1.816664e+001,2020-06-23T17:02:33.154000,Normal,
421,0.000000e+000,1.235002e-001,-1.816664e+001,2020-06-23T17:02:33.204000,Normal,
422,0.000000e+000,1.320656e-001,-1.758420e+001,2020-06-23T17:02:33.254000,Normal,
423,0.000000e+000,1.320656e-001,-1.758420e+001,2020-06-23T17:02:33.304000,Normal,
424,0.000000e+000,1.435605e-001,-1.685930e+001,2020-06-23T17:02:33.354000,Normal,
425,0.000000e+000,1.435605e-001,-1.685930e+001,2020-06-23T17:02:33.403000,Normal,
426,0.000000e+000,1.582088e-001,-1.601539e+001,2020-06-23T17:02:33.454000,Normal,
427,0.000000e+000,1.582088e-001,-1.601539e+001,2020-06-23T17:02:33.504000,Normal,
428,0.000000e+000,1.774681e-001,-1.501759e+001,2020-06-23T17:02:33.554000,Normal,
429,0.000000e+000,1.774681e-001,-1.501759e+001,2020-06-23T17:02:33.604000,Normal,
430,0.000000e+000,1.962588e-001,-1.414342e+001,2020-06-23T17:02:33.654000,Normal,
431,0.000000e+000,1.962588e-001,-1.414342e+001,2020-06-23T17:02:33.704000,Normal,
432,0.000000e+000,2.044768e-001,-1.378712e+001,2020-06-23T17:02:33.753000,Normal,
433,0.000000e+000,2.044768e-001,-1.378712e+001,2020-06-23T17:02:33.804000,Normal,
434,0.000000e+000,2.016568e-001,-1.390774e+001,2020-06-23T17:02:33.853000,Normal,
435,0.000000e+000,2.016568e-001,-1.390774e+001,2020-06-23T17:02:33.904000,Normal,
436,0.000000e+000,2.014068e-001,-1.391852e+001,2020-06-23T17:02:33.954000,Normal,
437,0.000000e+000,2.014068e-001,-1.391852e+001,2020-06-23T17:02:34.003000,Normal,
438,0.000000e+000,2.121500e-001,-1.346714e+001,2020-06-23T17:02:34.053000,Normal,
439,0.000000e+000,2.121500e-001,-1.346714e+001,2020-06-23T17:02:34.103000,Normal,
440,0.000000e+000,2.240812e-001,-1.299189e+001,2020-06-23T17:02:34.153000,Normal,
441,0.000000e+000,2.240812e-001,-1.299189e+001,2020-06-23T17:02:34.203000,Normal,
442,0.000000e+000,2.333232e-001,-1.264084e+001,2020-06-23T17:02:34.253000,Normal,
443,0.000000e+000,2.333232e-001,-1.264084e+001,2020-06-23T17:02:34.304000,Normal,
444,0.000000e+000,2.507836e-001,-1.201402e+001,2020-06-23T17:02:34.353000,Normal,
445,0.000000e+000,2.507836e-001,-1.201402e+001,2020-06-23T17:02:34.403000,Normal,
446,0.000000e+000,2.764153e-001,-1.116876e+001,2020-06-23T17:02:34.453000,Normal,
447,0.000000e+000,2.764153e-001,-1.116876e+001,2020-06-23T17:02:34.503000,Normal,
448,0.000000e+000,3.002210e-001,-1.045118e+001,2020-06-23T17:02:34.553000,Normal,
449,0.000000e+000,3.002210e-001,-1.045118e+001,2020-06-23T17:02:34.603000,Normal,
450,0.000000e+000,3.208647e-001,-9.873560e+000,2020-06-23T17:02:34.654000,Normal,
451,0.000000e+000,3.208647e-001,-9.873560e+000,2020-06-23T17:02:34.703000,Normal,
452,0.000000e+000,3.370957e-001,-9.444936e+000,2020-06-23T17:02:34.753000,Normal,
453,0.000000e+000,3.370957e-001,-9.444936e+000,2020-06-23T17:02:34.803000,Normal,
454,0.000000e+000,3.374959e-001,-9.434629e+000,2020-06-23T17:02:34.853000,Normal,
455,0.000000e+000,3.374959e-001,-9.434629e+000,2020-06-23T17:02:34.903000,Normal,
456,0.000000e+000,3.159864e-001,-1.000663e+001,2020-06-23T17:02:34.953000,Normal,
457,0.000000e+000,3.159864e-001,-1.000663e+001,2020-06-23T17:02:35.004000,Normal,
458,0.000000e+000,2.854824e-001,-1.088841e+001,2020-06-23T17:02:35.053000,Normal,
459,0.000000e+000,2.854824e-001,-1.088841e+001,2020-06-23T17:02:35.104000,Normal,
460,0.000000e+000,2.699130e-001,-1.137552e+001,2020-06-23T17:02:35.153000,Normal,
461,0.000000e+000,2.699130e-001,-1.137552e+001,2020-06-23T17:02:35.204000,Normal,
462,0.000000e+000,2.812295e-001,-1.101878e+001,2020-06-23T17:02:35.253000,Normal,
463,0.000000e+000,2.812295e-001,-1.101878e+001,2020-06-23T17:02:35.304000,Normal,
464,0.000000e+000,3.033419e-001,-1.036135e+001,2020-06-23T17:02:35.354000,Normal,
465,0.000000e+000,3.033419e-001,-1.036135e+001,2020-06-23T17:02:35.403000,Normal,
466,0.000000e+000,3.173093e-001,-9.970344e+000,2020-06-23T17:02:35.454000,Normal,
467,0.000000e+000,3.173093e-001,-9.970344e+000,2020-06-23T17:02:35.503000,Normal,
468,0.000000e+000,3.220286e-001,-9.842112e+000,2020-06-23T17:02:35.554000,Normal,
469,0.000000e+000,3.220286e-001,-9.842112e+000,2020-06-23T17:02:35.603000,Normal,
470,0.000000e+000,3.194085e-001,-9.913071e+000,2020-06-23T17:02:35.654000,Normal,
471,0.000000e+000,3.194085e-001,-9.913071e+000,2020-06-23T17:02:35.704000,Normal,
472,0.000000e+000,3.079080e-001,-1.023158e+001,2020-06-23T17:02:35.753000,Normal,
473,0.000000e+000,3.079080e-001,-1.023158e+001,2020-06-23T17:02:35.804000,Normal,
474,0.000000e+000,2.974589e-001,-1.053146e+001,2020-06-23T17:02:35.853000,Normal,
475,0.000000e+000,2.974589e-001,-1.053146e+001,2020-06-23T17:02:35.904000,Normal,
476,0.000000e+000,3.074171e-001,-1.024544e+001,2020-06-23T17:02:35.953000,Normal,
477,0.000000e+000,3.074171e-001,-1.024544e+001,2020-06-23T17:02:36.004000,Normal,
478,0.000000e+000,3.359982e-001,-9.473261e+000,2020-06-23T17:02:36.054000,Normal,
479,0.000000e+000,3.359982e-001,-9.473261e+000,2020-06-23T17:02:36.104000,Normal,
480,0.000000e+000,3.619184e-001,-8.827786e+000,2020-06-23T17:02:36.154000,Normal,
481,0.000000e+000,3.619184e-001,-8.827786e+000,2020-06-23T17:02:36.204000,Normal,
482,0.000000e+000,3.708823e-001,-8.615277e+000,2020-06-23T17:02:36.254000,Normal,
483,0.000000e+000,3.708823e-001,-8.615277e+000,2020-06-23T17:02:36.304000,Normal,
484,0.000000e+000,3.652174e-001,-8.748971e+000,2020-06-23T17:02:36.354000,Normal,
485,0.000000e+000,3.652174e-001,-8.748971e+000,2020-06-23T17:02:36.403000,Normal,
486,0.000000e+000,3.605233e-001,-8.861332e+000,2020-06-23T17:02:36.454000,Normal,
487,0.000000e+000,3.605233e-001,-8.861332e+000,2020-06-23T17:02:36.504000,Normal,
488,0.000000e+000,3.664502e-001,-8.719700e+000,2020-06-23T17:02:36.554000,Normal,
489,0.000000e+000,3.664502e-001,-8.719700e+000,2020-06-23T17:02:36.604000,Normal,
490,0.000000e+000,3.755455e-001,-8.506748e+000,2020-06-23T17:02:36.654000,Normal,
491,0.000000e+000,3.755455e-001,-8.506748e+000,2020-06-23T17:02:36.704000,Normal,
492,0.000000e+000,3.774862e-001,-8.461978e+000,2020-06-23T17:02:36.753000,Normal,
493,0.000000e+000,3.774862e-001,-8.461978e+000,2020-06-23T17:02:36.804000,Normal,
494,0.000000e+000,3.736624e-001,-8.550412e+000,2020-06-23T17:02:36.854000,Normal,
495,0.000000e+000,3.736624e-001,-8.550412e+000,2020-06-23T17:02:36.904000,Normal,
496,0.000000e+000,3.699687e-001,-8.636699e+000,2020-06-23T17:02:36.954000,Normal,
497,0.000000e+000,3.699687e-001,-8.636699e+000,2020-06-23T17:02:37.003000,Normal,
498,0.000000e+000,3.672279e-001,-8.701287e+000,2020-06-23T17:02:37.053000,Normal,
499,0.000000e+000,3.672279e-001,-8.701287e+000,2020-06-23T17:02:37.103000,Normal,
500,0.000000e+000,3.646440e-001,-8.762619e+000,2020-06-23T17:02:37.153000,Normal,
501,0.000000e+000,3.646440e-001,-8.762619e+000,2020-06-23T17:02:37.204000,Normal,
502,0.000000e+000,3.646567e-001,-8.762316e+000,2020-06-23T17:02:37.253000,Normal,
503,0.000000e+000,3.646567e-001,-8.762316e+000,2020-06-23T17:02:37.304000,Normal,
504,0.000000e+000,3.672009e-001,-8.701925e+000,2020-06-23T17:02:37.353000,Normal,
505,0.000000e+000,3.672009e-001,-8.701925e+000,2020-06-23T17:02:37.403000,Normal,
506,0.000000e+000,3.687191e-001,-8.666088e+000,2020-06-23T17:02:37.453000,Normal,
507,0.000000e+000,3.687191e-001,-8.666088e+000,2020-06-23T17:02:37.503000,Normal,
508,0.000000e+000,3.694659e-001,-8.648513e+000,2020-06-23T17:02:37.554000,Normal,
509,0.000000e+000,3.694659e-001,-8.648513e+000,2020-06-23T17:02:37.603000,Normal,
510,0.000000e+000,3.702812e-001,-8.629366e+000,2020-06-23T17:02:37.654000,Normal,
511,0.000000e+000,3.702812e-001,-8.629366e+000,2020-06-23T17:02:37.703000,Normal,
512,0.000000e+000,3.704443e-001,-8.625541e+000,2020-06-23T17:02:37.753000,Normal,
513,0.000000e+000,3.704443e-001,-8.625541e+000,2020-06-23T17:02:37.803000,Normal,
514,0.000000e+000,3.706188e-001,-8.621451e+000,2020-06-23T17:02:37.853000,Normal,
515,0.000000e+000,3.706188e-001,-8.621451e+000,2020-06-23T17:02:37.904000,Normal,
516,0.000000e+000,3.711875e-001,-8.608133e+000,2020-06-23T17:02:37.953000,Normal,
517,0.000000e+000,3.711875e-001,-8.608133e+000,2020-06-23T17:02:38.004000,Normal,
518,0.000000e+000,3.710628e-001,-8.611051e+000,2020-06-23T17:02:38.053000,Normal,
519,0.000000e+000,3.710628e-001,-8.611051e+000,2020-06-23T17:02:38.104000,Normal,
520,0.000000e+000,3.716496e-001,-8.597326e+000,2020-06-23T17:02:38.153000,Normal,
521,0.000000e+000,3.716496e-001,-8.597326e+000,2020-06-23T17:02:38.204000,Normal,
522,0.000000e+000,3.744057e-001,-8.533151e+000,2020-06-23T17:02:38.254000,Normal,
523,0.000000e+000,3.744057e-001,-8.533151e+000,2020-06-23T17:02:38.304000,Normal,
524,0.000000e+000,3.774349e-001,-8.463158e+000,2020-06-23T17:02:38.354000,Normal,
525,0.000000e+000,3.774349e-001,-8.463158e+000,2020-06-23T17:02:38.403000,Normal,
526,0.000000e+000,3.784492e-001,-8.439849e+000,2020-06-23T17:02:38.454000,Normal,
527,0.000000e+000,3.784492e-001,-8.439849e+000,2020-06-23T17:02:38.503000,Normal,
528,0.000000e+000,3.775378e-001,-8.460792e+000,2020-06-23T17:02:38.554000,Normal,
529,0.000000e+000,3.775378e-001,-8.460792e+000,2020-06-23T17:02:38.604000,Normal,
530,0.000000e+000,3.773881e-001,-8.464236e+000,2020-06-23T17:02:38.654000,Normal,
531,0.000000e+000,3.773881e-001,-8.464236e+000,2020-06-23T17:02:38.704000,Normal,
532,0.000000e+000,3.792864e-001,-8.420656e+000,2020-06-23T17:02:38.753000,Normal,
533,0.000000e+000,3.792864e-001,-8.420656e+000,2020-06-23T17:02:38.804000,Normal,
534,0.000000e+000,3.791113e-001,-8.424666e+000,2020-06-23T17:02:38.853000,Normal,
535,0.000000e+000,3.791113e-001,-8.424666e+000,2020-06-23T17:02:38.904000,Normal,
536,0.000000e+000,3.754954e-001,-8.507909e+000,2020-06-23T17:02:38.953000,Normal,
537,0.000000e+000,3.754954e-001,-8.507909e+000,2020-06-23T17:02:39.004000,Normal,
538,0.000000e+000,3.754481e-001,-8.509003e+000,2020-06-23T17:02:39.054000,Normal,
539,0.000000e+000,3.754481e-001,-8.509003e+000,2020-06-23T17:02:39.104000,Normal,
540,0.000000e+000,3.800774e-001,-8.402559e+000,2020-06-23T17:02:39.154000,Normal,
541,0.000000e+000,3.800774e-001,-8.402559e+000,2020-06-23T17:02:39.204000,Normal,
542,0.000000e+000,3.816141e-001,-8.367512e+000,2020-06-23T17:02:39.254000,Normal,
543,0.000000e+000,3.816141e-001,-8.367512e+000,2020-06-23T17:02:39.304000,Normal,
544,0.000000e+000,3.794776e-001,-8.416277e+000,2020-06-23T17:02:39.354000,Normal,
545,0.000000e+000,3.794776e-001,-8.416277e+000,2020-06-23T17:02:39.404000,Normal,
546,0.000000e+000,3.784802e-001,-8.439138e+000,2020-06-23T17:02:39.454000,Normal,
547,0.000000e+000,3.784802e-001,-8.439138e+000,2020-06-23T17:02:39.504000,Normal,
548,0.000000e+000,3.788585e-001,-8.430460e+000,2020-06-23T17:02:39.554000,Normal,
549,0.000000e+000,3.788585e-001,-8.430460e+000,2020-06-23T17:02:39.604000,Normal,
550,0.000000e+000,3.804646e-001,-8.393714e+000,2020-06-23T17:02:39.654000,Normal,
551,0.000000e+000,3.804646e-001,-8.393714e+000,2020-06-23T17:02:39.704000,Normal,
552,0.000000e+000,3.826602e-001,-8.343733e+000,2020-06-23T17:02:39.754000,Normal,
553,0.000000e+000,3.826602e-001,-8.343733e+000,2020-06-23T17:02:39.804000,Normal,
554,0.000000e+000,3.811940e-001,-8.377080e+000,2020-06-23T17:02:39.854000,Normal,
555,0.000000e+000,3.811940e-001,-8.377080e+000,2020-06-23T17:02:39.904000,Normal,
556,0.000000e+000,3.752185e-001,-8.514314e+000,2020-06-23T17:02:39.954000,Normal,
557,0.000000e+000,3.752185e-001,-8.514314e+000,2020-06-23T17:02:40.003000,Normal,
558,0.000000e+000,3.706735e-001,-8.620170e+000,2020-06-23T17:02:40.053000,Normal,
559,0.000000e+000,3.706735e-001,-8.620170e+000,2020-06-23T17:02:40.104000,Normal,
560,0.000000e+000,3.716605e-001,-8.597071e+000,2020-06-23T17:02:40.153000,Normal,
561,0.000000e+000,3.716605e-001,-8.597071e+000,2020-06-23T17:02:40.204000,Normal,
562,0.000000e+000,3.768309e-001,-8.477069e+000,2020-06-23T17:02:40.253000,Normal,
563,0.000000e+000,3.768309e-001,-8.477069e+000,2020-06-23T17:02:40.304000,Normal,
564,0.000000e+000,3.825794e-001,-8.345569e+000,2020-06-23T17:02:40.353000,Normal,
565,0.000000e+000,3.825794e-001,-8.345569e+000,2020-06-23T17:02:40.403000,Normal,
566,0.000000e+000,3.854688e-001,-8.280215e+000,2020-06-23T17:02:40.454000,Normal,
567,0.000000e+000,3.854688e-001,-8.280215e+000,2020-06-23T17:02:40.503000,Normal,
568,0.000000e+000,3.844745e-001,-8.302649e+000,2020-06-23T17:02:40.554000,Normal,
569,0.000000e+000,3.844745e-001,-8.302649e+000,2020-06-23T17:02:40.603000,Normal,
570,0.000000e+000,3.825880e-001,-8.345374e+000,2020-06-23T17:02:40.654000,Normal,
571,0.000000e+000,3.825880e-001,-8.345374e+000,2020-06-23T17:02:40.703000,Normal,
572,0.000000e+000,3.818638e-001,-8.361830e+000,2020-06-23T17:02:40.753000,Normal,
573,0.000000e+000,3.818638e-001,-8.361830e+000,2020-06-23T17:02:40.804000,Normal,
574,0.000000e+000,3.825350e-001,-8.346577e+000,2020-06-23T17:02:40.853000,Normal,
575,0.000000e+000,3.825350e-001,-8.346577e+000,2020-06-23T17:02:40.904000,Normal,
576,0.000000e+000,3.847608e-001,-8.296183e+000,2020-06-23T17:02:40.953000,Normal,
577,0.000000e+000,3.847608e-001,-8.296183e+000,2020-06-23T17:02:41.004000,Normal,
578,0.000000e+000,3.876111e-001,-8.232076e+000,2020-06-23T17:02:41.053000,Normal,
579,0.000000e+000,3.876111e-001,-8.232076e+000,2020-06-23T17:02:41.104000,Normal,
580,0.000000e+000,3.889463e-001,-8.202206e+000,2020-06-23T17:02:41.154000,Normal,
581,0.000000e+000,3.889463e-001,-8.202206e+000,2020-06-23T17:02:41.204000,Normal,
582,0.000000e+000,3.872311e-001,-8.240596e+000,2020-06-23T17:02:41.254000,Normal,
583,0.000000e+000,3.872311e-001,-8.240596e+000,2020-06-23T17:02:41.304000,Normal,
584,0.000000e+000,3.859206e-001,-8.270042e+000,2020-06-23T17:02:41.354000,Normal,
585,0.000000e+000,3.859206e-001,-8.270042e+000,2020-06-23T17:02:41.403000,Normal,
586,0.000000e+000,3.891484e-001,-8.197694e+000,2020-06-23T17:02:41.454000,Normal,
587,0.000000e+000,3.891484e-001,-8.197694e+000,2020-06-23T17:02:41.503000,Normal,
588,0.000000e+000,3.945613e-001,-8.077710e+000,2020-06-23T17:02:41.554000,Normal,
589,0.000000e+000,3.945613e-001,-8.077710e+000,2020-06-23T17:02:41.604000,Normal,
590,0.000000e+000,3.949825e-001,-8.068442e+000,2020-06-23T17:02:41.654000,Normal,
591,0.000000e+000,3.949825e-001,-8.068442e+000,2020-06-23T17:02:41.704000,Normal,
592,0.000000e+000,3.894981e-001,-8.189893e+000,2020-06-23T17:02:41.753000,Normal,
593,0.000000e+000,3.894981e-001,-8.189893e+000,2020-06-23T17:02:41.804000,Normal,
594,0.000000e+000,3.840565e-001,-8.312098e+000,2020-06-23T17:02:41.853000,Normal,
595,0.000000e+000,3.840565e-001,-8.312098e+000,2020-06-23T17:02:41.904000,Normal,
596,0.000000e+000,3.818198e-001,-8.362832e+000,2020-06-23T17:02:41.954000,Normal,
597,0.000000e+000,3.818198e-001,-8.362832e+000,2020-06-23T17:02:42.003000,Normal,
598,0.000000e+000,3.821779e-001,-8.354688e+000,2020-06-23T17:02:42.053000,Normal,
599,0.000000e+000,3.821779e-001,-8.354688e+000,2020-06-23T17:02:42.103000,Normal,
600,0.000000e+000,3.839173e-001,-8.315246e+000,2020-06-23T17:02:42.153000,Normal,
601,0.000000e+000,3.839173e-001,-8.315246e+000,2020-06-23T17:02:42.203000,Normal,
602,0.000000e+000,3.840389e-001,-8.312495e+000,2020-06-23T17:02:42.253000,Normal,
603,0.000000e+000,3.840389e-001,-8.312495e+000,2020-06-23T17:02:42.304000,Normal,
604,0.000000e+000,3.810154e-001,-8.381150e+000,2020-06-23T17:02:42.353000,Normal,
605,0.000000e+000,3.810154e-001,-8.381150e+000,2020-06-23T17:02:42.403000,Normal,
606,0.000000e+000,3.778458e-001,-8.453709e+000,2020-06-23T17:02:42.453000,Normal,
607,0.000000e+000,3.778458e-001,-8.453709e+000,2020-06-23T17:02:42.503000,Normal,
608,0.000000e+000,3.764946e-001,-8.484826e+000,2020-06-23T17:02:42.553000,Normal,
609,0.000000e+000,3.764946e-001,-8.484826e+000,2020-06-23T17:02:42.603000,Normal,
610,0.000000e+000,3.762528e-001,-8.490406e+000,2020-06-23T17:02:42.654000,Normal,
611,0.000000e+000,3.762528e-001,-8.490406e+000,2020-06-23T17:02:42.703000,Normal,
612,0.000000e+000,3.764491e-001,-8.485874e+000,2020-06-23T17:02:42.753000,Normal,
613,0.000000e+000,3.764491e-001,-8.485874e+000,2020-06-23T17:02:42.803000,Normal,
614,0.000000e+000,3.753508e-001,-8.511254e+000,2020-06-23T17:02:42.853000,Normal,
615,0.000000e+000,3.753508e-001,-8.511254e+000,2020-06-23T17:02:42.903000,Normal,
616,0.000000e+000,3.727182e-001,-8.572389e+000,2020-06-23T17:02:42.953000,Normal,
617,0.000000e+000,3.727182e-001,-8.572389e+000,2020-06-23T17:02:43.004000,Normal,
618,0.000000e+000,3.717418e-001,-8.595172e+000,2020-06-23T17:02:43.053000,Normal,
619,0.000000e+000,3.717418e-001,-8.595172e+000,2020-06-23T17:02:43.104000,Normal,
620,0.000000e+000,3.740070e-001,-8.542406e+000,2020-06-23T17:02:43.153000,Normal,
621,0.000000e+000,3.740070e-001,-8.542406e+000,2020-06-23T17:02:43.204000,Normal,
622,0.000000e+000,3.785856e-001,-8.436719e+000,2020-06-23T17:02:43.253000,Normal,
623,0.000000e+000,3.785856e-001,-8.436719e+000,2020-06-23T17:02:43.304000,Normal,
624,0.000000e+000,3.842314e-001,-8.308143e+000,2020-06-23T17:02:43.354000,Normal,
625,0.000000e+000,3.842314e-001,-8.308143e+000,2020-06-23T17:02:43.403000,Normal,
626,0.000000e+000,3.877941e-001,-8.227977e+000,2020-06-23T17:02:43.454000,Normal,
627,0.000000e+000,3.877941e-001,-8.227977e+000,2020-06-23T17:02:43.503000,Normal,
628,0.000000e+000,3.879279e-001,-8.224979e+000,2020-06-23T17:02:43.554000,Normal,
629,0.000000e+000,3.879279e-001,-8.224979e+000,2020-06-23T17:02:43.603000,Normal,
630,0.000000e+000,3.866060e-001,-8.254629e+000,2020-06-23T17:02:43.654000,Normal,
631,0.000000e+000,3.866060e-001,-8.254629e+000,2020-06-23T17:02:43.704000,Normal,
632,0.000000e+000,3.838279e-001,-8.317269e+000,2020-06-23T17:02:43.753000,Normal,
633,0.000000e+000,3.838279e-001,-8.317269e+000,2020-06-23T17:02:43.804000,Normal,
634,0.000000e+000,3.797810e-001,-8.409334e+000,2020-06-23T17:02:43.853000,Normal,
635,0.000000e+000,3.797810e-001,-8.409334e+000,2020-06-23T17:02:43.904000,Normal,
636,0.000000e+000,3.796304e-001,-8.412780e+000,2020-06-23T17:02:43.953000,Normal,
637,0.000000e+000,3.796304e-001,-8.412780e+000,2020-06-23T17:02:44.004000,Normal,
638,0.000000e+000,3.842781e-001,-8.307088e+000,2020-06-23T17:02:44.053000,Normal,
639,0.000000e+000,3.842781e-001,-8.307088e+000,2020-06-23T17:02:44.104000,Normal,
640,0.000000e+000,3.877681e-001,-8.228559e+000,2020-06-23T17:02:44.154000,Normal,
641,0.000000e+000,3.877681e-001,-8.228559e+000,2020-06-23T17:02:44.204000,Normal,
642,0.000000e+000,3.884458e-001,-8.213391e+000,2020-06-23T17:02:44.254000,Normal,
643,0.000000e+000,3.884458e-001,-8.213391e+000,2020-06-23T17:02:44.304000,Normal,
644,0.000000e+000,3.884739e-001,-8.212763e+000,2020-06-23T17:02:44.354000,Normal,
645,0.000000e+000,3.884739e-001,-8.212763e+000,2020-06-23T17:02:44.403000,Normal,
646,0.000000e+000,3.883278e-001,-8.216031e+000,2020-06-23T17:02:44.454000,Normal,
647,0.000000e+000,3.883278e-001,-8.216031e+000,2020-06-23T17:02:44.504000,Normal,
648,0.000000e+000,3.878782e-001,-8.226093e+000,2020-06-23T17:02:44.554000,Normal,
649,0.000000e+000,3.878782e-001,-8.226093e+000,2020-06-23T17:02:44.604000,Normal,
650,0.000000e+000,3.867752e-001,-8.250828e+000,2020-06-23T17:02:44.654000,Normal,
651,0.000000e+000,3.867752e-001,-8.250828e+000,2020-06-23T17:02:44.704000,Normal,
652,0.000000e+000,3.836384e-001,-8.321558e+000,2020-06-23T17:02:44.753000,Normal,
653,0.000000e+000,3.836384e-001,-8.321558e+000,2020-06-23T17:02:44.804000,Normal,
654,0.000000e+000,3.810714e-001,-8.379873e+000,2020-06-23T17:02:44.854000,Normal,
655,0.000000e+000,3.810714e-001,-8.379873e+000,2020-06-23T17:02:44.904000,Normal,
656,0.000000e+000,3.831696e-001,-8.332180e+000,2020-06-23T17:02:44.954000,Normal,
657,0.000000e+000,3.831696e-001,-8.332180e+000,2020-06-23T17:02:45.003000,Normal,
658,0.000000e+000,3.888355e-001,-8.204683e+000,2020-06-23T17:02:45.053000,Normal,
659,0.000000e+000,3.888355e-001,-8.204683e+000,2020-06-23T17:02:45.103000,Normal,
660,0.000000e+000,3.924750e-001,-8.123759e+000,2020-06-23T17:02:45.153000,Normal,
661,0.000000e+000,3.924750e-001,-8.123759e+000,2020-06-23T17:02:45.204000,Normal,
662,0.000000e+000,3.905118e-001,-8.167318e+000,2020-06-23T17:02:45.253000,Normal,
663,0.000000e+000,3.905118e-001,-8.167318e+000,2020-06-23T17:02:45.304000,Normal,
664,0.000000e+000,3.852345e-001,-8.285497e+000,2020-06-23T17:02:45.353000,Normal,
665,0.000000e+000,3.852345e-001,-8.285497e+000,2020-06-23T17:02:45.403000,Normal,
666,0.000000e+000,3.813550e-001,-8.373410e+000,2020-06-23T17:02:45.453000,Normal,
667,0.000000e+000,3.813550e-001,-8.373410e+000,2020-06-23T17:02:45.503000,Normal,
668,0.000000e+000,3.808441e-001,-8.385056e+000,2020-06-23T17:02:45.554000,Normal,
669,0.000000e+000,3.808441e-001,-8.385056e+000,2020-06-23T17:02:45.603000,Normal,
670,0.000000e+000,3.827521e-001,-8.341649e+000,2020-06-23T17:02:45.654000,Normal,
671,0.000000e+000,3.827521e-001,-8.341649e+000,2020-06-23T17:02:45.703000,Normal,
672,0.000000e+000,3.865821e-001,-8.255164e+000,2020-06-23T17:02:45.753000,Normal,
673,0.000000e+000,3.865821e-001,-8.255164e+000,2020-06-23T17:02:45.803000,Normal,
674,0.000000e+000,3.904534e-001,-8.168616e+000,2020-06-23T17:02:45.853000,Normal,
675,0.000000e+000,3.904534e-001,-8.168616e+000,2020-06-23T17:02:45.904000,Normal,
676,0.000000e+000,3.923301e-001,-8.126968e+000,2020-06-23T17:02:45.953000,Normal,
677,0.000000e+000,3.923301e-001,-8.126968e+000,2020-06-23T17:02:46.004000,Normal,
678,0.000000e+000,3.915138e-001,-8.145057e+000,2020-06-23T17:02:46.053000,Normal,
679,0.000000e+000,3.915138e-001,-8.145057e+000,2020-06-23T17:02:46.104000,Normal,
680,0.000000e+000,3.881829e-001,-8.219272e+000,2020-06-23T17:02:46.153000,Normal,
681,0.000000e+000,3.881829e-001,-8.219272e+000,2020-06-23T17:02:46.204000,Normal,
682,0.000000e+000,3.856076e-001,-8.277089e+000,2020-06-23T17:02:46.253000,Normal,
683,0.000000e+000,3.856076e-001,-8.277089e+000,2020-06-23T17:02:46.304000,Normal,
684,0.000000e+000,3.872011e-001,-8.241269e+000,2020-06-23T17:02:46.354000,Normal,
685,0.000000e+000,3.872011e-001,-8.241269e+000,2020-06-23T17:02:46.403000,Normal,
686,0.000000e+000,3.910104e-001,-8.156233e+000,2020-06-23T17:02:46.454000,Normal,
687,0.000000e+000,3.910104e-001,-8.156233e+000,2020-06-23T17:02:46.503000,Normal,
688,0.000000e+000,3.929426e-001,-8.113417e+000,2020-06-23T17:02:46.554000,Normal,
689,0.000000e+000,3.929426e-001,-8.113417e+000,2020-06-23T17:02:46.603000,Normal,
690,0.000000e+000,3.920658e-001,-8.132822e+000,2020-06-23T17:02:46.654000,Normal,
691,0.000000e+000,3.920658e-001,-8.132822e+000,2020-06-23T17:02:46.704000,Normal,
692,0.000000e+000,3.897273e-001,-8.184784e+000,2020-06-23T17:02:46.753000,Normal,
693,0.000000e+000,3.897273e-001,-8.184784e+000,2020-06-23T17:02:46.804000,Normal,
694,0.000000e+000,3.886694e-001,-8.208392e+000,2020-06-23T17:02:46.853000,Normal,
695,0.000000e+000,3.886694e-001,-8.208392e+000,2020-06-23T17:02:46.904000,Normal,
696,0.000000e+000,3.897351e-001,-8.184610e+000,2020-06-23T17:02:46.953000,Normal,
697,0.000000e+000,3.897351e-001,-8.184610e+000,2020-06-23T17:02:47.004000,Normal,
698,0.000000e+000,3.905535e-001,-8.166389e+000,2020-06-23T17:02:47.054000,Normal,
699,0.000000e+000,3.905535e-001,-8.166389e+000,2020-06-23T17:02:47.104000,Normal,
700,0.000000e+000,3.918081e-001,-8.138532e+000,2020-06-23T17:02:47.154000,Normal,
701,0.000000e+000,3.918081e-001,-8.138532e+000,2020-06-23T17:02:47.204000,Normal,
702,0.000000e+000,3.944888e-001,-8.079306e+000,2020-06-23T17:02:47.254000,Normal,
703,0.000000e+000,3.944888e-001,-8.079306e+000,2020-06-23T17:02:47.304000,Normal,
704,0.000000e+000,3.939344e-001,-8.091521e+000,2020-06-23T17:02:47.354000,Normal,
705,0.000000e+000,3.939344e-001,-8.091521e+000,2020-06-23T17:02:47.404000,Normal,
706,0.000000e+000,3.875599e-001,-8.233224e+000,2020-06-23T17:02:47.454000,Normal,
707,0.000000e+000,3.875599e-001,-8.233224e+000,2020-06-23T17:02:47.504000,Normal,
708,0.000000e+000,3.821469e-001,-8.355393e+000,2020-06-23T17:02:47.554000,Normal,
709,0.000000e+000,3.821469e-001,-8.355393e+000,2020-06-23T17:02:47.604000,Normal,
710,0.000000e+000,3.841429e-001,-8.310144e+000,2020-06-23T17:02:47.654000,Normal,
711,0.000000e+000,3.841429e-001,-8.310144e+000,2020-06-23T17:02:47.704000,Normal,
712,0.000000e+000,3.912514e-001,-8.150883e+000,2020-06-23T17:02:47.754000,Normal,
713,0.000000e+000,3.912514e-001,-8.150883e+000,2020-06-23T17:02:47.804000,Normal,
714,0.000000e+000,3.976565e-001,-8.009838e+000,2020-06-23T17:02:47.854000,Normal,
715,0.000000e+000,3.976565e-001,-8.009838e+000,2020-06-23T17:02:47.904000,Normal,
716,0.000000e+000,3.988528e-001,-7.983747e+000,2020-06-23T17:02:47.954000,Normal,
717,0.000000e+000,3.988528e-001,-7.983747e+000,2020-06-23T17:02:48.003000,Normal,
718,0.000000e+000,3.953012e-001,-8.061438e+000,2020-06-23T17:02:48.053000,Normal,
719,0.000000e+000,3.953012e-001,-8.061438e+000,2020-06-23T17:02:48.104000,Normal,
720,0.000000e+000,3.926703e-001,-8.119439e+000,2020-06-23T17:02:48.153000,Normal,
721,0.000000e+000,3.926703e-001,-8.119439e+000,2020-06-23T17:02:48.204000,Normal,
722,0.000000e+000,3.939224e-001,-8.091786e+000,2020-06-23T17:02:48.253000,Normal,
723,0.000000e+000,3.939224e-001,-8.091786e+000,2020-06-23T17:02:48.304000,Normal,
724,0.000000e+000,3.960996e-001,-8.043911e+000,2020-06-23T17:02:48.353000,Normal,
725,0.000000e+000,3.960996e-001,-8.043911e+000,2020-06-23T17:02:48.403000,Normal,
726,0.000000e+000,3.961906e-001,-8.041917e+000,2020-06-23T17:02:48.454000,Normal,
727,0.000000e+000,3.961906e-001,-8.041917e+000,2020-06-23T17:02:48.503000,Normal,
728,0.000000e+000,3.945660e-001,-8.077608e+000,2020-06-23T17:02:48.554000,Normal,
729,0.000000e+000,3.945660e-001,-8.077608e+000,2020-06-23T17:02:48.603000,Normal,
730,0.000000e+000,3.919366e-001,-8.135684e+000,2020-06-23T17:02:48.654000,Normal,
731,0.000000e+000,3.919366e-001,-8.135684e+000,2020-06-23T17:02:48.703000,Normal,
732,0.000000e+000,3.896059e-001,-8.187489e+000,2020-06-23T17:02:48.753000,Normal,
733,0.000000e+000,3.896059e-001,-8.187489e+000,2020-06-23T17:02:48.803000,Normal,
734,0.000000e+000,3.896689e-001,-8.186085e+000,2020-06-23T17:02:48.853000,Normal,
735,0.000000e+000,3.896689e-001,-8.186085e+000,2020-06-23T17:02:48.904000,Normal,
736,0.000000e+000,3.914627e-001,-8.146193e+000,2020-06-23T17:02:48.953000,Normal,
737,0.000000e+000,3.914627e-001,-8.146193e+000,2020-06-23T17:02:49.004000,Normal,
738,0.000000e+000,3.926809e-001,-8.119206e+000,2020-06-23T17:02:49.053000,Normal,
739,0.000000e+000,3.926809e-001,-8.119206e+000,2020-06-23T17:02:49.104000,Normal,
740,0.000000e+000,3.908244e-001,-8.160366e+000,2020-06-23T17:02:49.153000,Normal,
741,0.000000e+000,3.908244e-001,-8.160366e+000,2020-06-23T17:02:49.204000,Normal,
742,0.000000e+000,3.865088e-001,-8.256811e+000,2020-06-23T17:02:49.254000,Normal,
743,0.000000e+000,3.865088e-001,-8.256811e+000,2020-06-23T17:02:49.304000,Normal,
744,0.000000e+000,3.846886e-001,-8.297813e+000,2020-06-23T17:02:49.354000,Normal,
745,0.000000e+000,3.846886e-001,-8.297813e+000,2020-06-23T17:02:49.403000,Normal,
746,0.000000e+000,3.876757e-001,-8.230628e+000,2020-06-23T17:02:49.454000,Normal,
747,0.000000e+000,3.876757e-001,-8.230628e+000,2020-06-23T17:02:49.503000,Normal,
748,0.000000e+000,3.913388e-001,-8.148941e+000,2020-06-23T17:02:49.554000,Normal,
749,0.000000e+000,3.913388e-001,-8.148941e+000,2020-06-23T17:02:49.604000,Normal,
750,0.000000e+000,3.931508e-001,-8.108816e+000,2020-06-23T17:02:49.654000,Normal,
751,0.000000e+000,3.931508e-001,-8.108816e+000,2020-06-23T17:02:49.704000,Normal,
752,0.000000e+000,3.953532e-001,-8.060294e+000,2020-06-23T17:02:49.753000,Normal,
753,0.000000e+000,3.953532e-001,-8.060294e+000,2020-06-23T17:02:49.804000,Normal,
754,0.000000e+000,3.994930e-001,-7.969817e+000,2020-06-23T17:02:49.853000,Normal,
755,0.000000e+000,3.994930e-001,-7.969817e+000,2020-06-23T17:02:49.904000,Normal,
756,0.000000e+000,4.039100e-001,-7.874308e+000,2020-06-23T17:02:49.954000,Normal,
757,0.000000e+000,4.039100e-001,-7.874308e+000,2020-06-23T17:02:50.003000,Normal,
758,0.000000e+000,4.054534e-001,-7.841181e+000,2020-06-23T17:02:50.053000,Normal,
759,0.000000e+000,4.054534e-001,-7.841181e+000,2020-06-23T17:02:50.103000,Normal,
760,0.000000e+000,4.021496e-001,-7.912248e+000,2020-06-23T17:02:50.153000,Normal,
761,0.000000e+000,4.021496e-001,-7.912248e+000,2020-06-23T17:02:50.203000,Normal,
762,0.000000e+000,3.959410e-001,-8.047391e+000,2020-06-23T17:02:50.253000,Normal,
763,0.000000e+000,3.959410e-001,-8.047391e+000,2020-06-23T17:02:50.304000,Normal,
764,0.000000e+000,3.910716e-001,-8.154874e+000,2020-06-23T17:02:50.353000,Normal,
765,0.000000e+000,3.910716e-001,-8.154874e+000,2020-06-23T17:02:50.403000,Normal,
766,0.000000e+000,3.887911e-001,-8.205673e+000,2020-06-23T17:02:50.453000,Normal,
767,0.000000e+000,3.887911e-001,-8.205673e+000,2020-06-23T17:02:50.503000,Normal,
768,0.000000e+000,3.887928e-001,-8.205636e+000,2020-06-23T17:02:50.553000,Normal,
769,0.000000e+000,3.887928e-001,-8.205636e+000,2020-06-23T17:02:50.603000,Normal,
770,0.000000e+000,3.902414e-001,-8.173334e+000,2020-06-23T17:02:50.654000,Normal,
771,0.000000e+000,3.902414e-001,-8.173334e+000,2020-06-23T17:02:50.703000,Normal,
772,0.000000e+000,3.917760e-001,-8.139243e+000,2020-06-23T17:02:50.753000,Normal,
773,0.000000e+000,3.917760e-001,-8.139243e+000,2020-06-23T17:02:50.803000,Normal,
774,0.000000e+000,3.925082e-001,-8.123026e+000,2020-06-23T17:02:50.853000,Normal,
775,0.000000e+000,3.925082e-001,-8.123026e+000,2020-06-23T17:02:50.903000,Normal,
776,0.000000e+000,3.919198e-001,-8.136057e+000,2020-06-23T17:02:50.953000,Normal,
777,0.000000e+000,3.919198e-001,-8.136057e+000,2020-06-23T17:02:51.004000,Normal,
778,0.000000e+000,3.908996e-001,-8.158695e+000,2020-06-23T17:02:51.053000,Normal,
779,0.000000e+000,3.908996e-001,-8.158695e+000,2020-06-23T17:02:51.104000,Normal,
780,0.000000e+000,3.921076e-001,-8.131894e+000,2020-06-23T17:02:51.153000,Normal,
781,0.000000e+000,3.921076e-001,-8.131894e+000,2020-06-23T17:02:51.204000,Normal,
782,0.000000e+000,3.946593e-001,-8.075554e+000,2020-06-23T17:02:51.253000,Normal,
783,0.000000e+000,3.946593e-001,-8.075554e+000,2020-06-23T17:02:51.304000,Normal,
784,0.000000e+000,3.937006e-001,-8.096678e+000,2020-06-23T17:02:51.353000,Normal,
785,0.000000e+000,3.937006e-001,-8.096678e+000,2020-06-23T17:02:51.403000,Normal,
786,0.000000e+000,3.907651e-001,-8.161685e+000,2020-06-23T17:02:51.454000,Normal,
787,0.000000e+000,3.907651e-001,-8.161685e+000,2020-06-23T17:02:51.503000,Normal,
788,0.000000e+000,3.930442e-001,-8.111172e+000,2020-06-23T17:02:51.554000,Normal,
789,0.000000e+000,3.930442e-001,-8.111172e+000,2020-06-23T17:02:51.603000,Normal,
790,0.000000e+000,3.997404e-001,-7.964438e+000,2020-06-23T17:02:51.654000,Normal,
791,0.000000e+000,3.997404e-001,-7.964438e+000,2020-06-23T17:02:51.703000,Normal,
792,0.000000e+000,4.045653e-001,-7.860226e+000,2020-06-23T17:02:51.753000,Normal,
793,0.000000e+000,4.045653e-001,-7.860226e+000,2020-06-23T17:02:51.804000,Normal,
794,0.000000e+000,4.066809e-001,-7.814925e+000,2020-06-23T17:02:51.853000,Normal,
795,0.000000e+000,4.066809e-001,-7.814925e+000,2020-06-23T17:02:51.904000,Normal,
796,0.000000e+000,4.068872e-001,-7.810519e+000,2020-06-23T17:02:51.953000,Normal,
797,0.000000e+000,4.068872e-001,-7.810519e+000,2020-06-23T17:02:52.004000,Normal,
798,0.000000e+000,4.042510e-001,-7.866979e+000,2020-06-23T17:02:52.053000,Normal,
799,0.000000e+000,4.042510e-001,-7.866979e+000,2020-06-23T17:02:52.104000,Normal,
800,0.000000e+000,3.986369e-001,-7.988450e+000,2020-06-23T17:02:52.154000,Normal,
801,0.000000e+000,3.986369e-001,-7.988450e+000,2020-06-23T17:02:52.204000,Normal,
802,0.000000e+000,3.918037e-001,-8.138629e+000,2020-06-23T17:02:52.254000,Normal,
803,0.000000e+000,3.918037e-001,-8.138629e+000,2020-06-23T17:02:52.304000,Normal,
804,0.000000e+000,3.876471e-001,-8.231269e+000,2020-06-23T17:02:52.354000,Normal,
805,0.000000e+000,3.876471e-001,-8.231269e+000,2020-06-23T17:02:52.403000,Normal,
806,0.000000e+000,3.904154e-001,-8.169461e+000,2020-06-23T17:02:52.454000,Normal,
807,0.000000e+000,3.904154e-001,-8.169461e+000,2020-06-23T17:02:52.504000,Normal,
808,0.000000e+000,3.976077e-001,-8.010904e+000,2020-06-23T17:02:52.554000,Normal,
809,0.000000e+000,3.976077e-001,-8.010904e+000,2020-06-23T17:02:52.604000,Normal,
810,0.000000e+000,4.014598e-001,-7.927160e+000,2020-06-23T17:02:52.654000,Normal,
811,0.000000e+000,4.014598e-001,-7.927160e+000,2020-06-23T17:02:52.704000,Normal,
812,0.000000e+000,3.985982e-001,-7.989293e+000,2020-06-23T17:02:52.753000,Normal,
813,0.000000e+000,3.985982e-001,-7.989293e+000,2020-06-23T17:02:52.804000,Normal,
814,0.000000e+000,3.921851e-001,-8.130179e+000,2020-06-23T17:02:52.854000,Normal,
815,0.000000e+000,3.921851e-001,-8.130179e+000,2020-06-23T17:02:52.904000,Normal,
816,0.000000e+000,3.881073e-001,-8.220964e+000,2020-06-23T17:02:52.954000,Normal,
817,0.000000e+000,3.881073e-001,-8.220964e+000,2020-06-23T17:02:53.003000,Normal,
818,0.000000e+000,3.887684e-001,-8.206182e+000,2020-06-23T17:02:53.053000,Normal,
819,0.000000e+000,3.887684e-001,-8.206182e+000,2020-06-23T17:02:53.103000,Normal,
820,0.000000e+000,3.928276e-001,-8.115959e+000,2020-06-23T17:02:53.153000,Normal,
821,0.000000e+000,3.928276e-001,-8.115959e+000,2020-06-23T17:02:53.204000,Normal,
822,0.000000e+000,3.990433e-001,-7.979599e+000,2020-06-23T17:02:53.253000,Normal,
823,0.000000e+000,3.990433e-001,-7.979599e+000,2020-06-23T17:02:53.304000,Normal,
824,0.000000e+000,4.042488e-001,-7.867025e+000,2020-06-23T17:02:53.353000,Normal,
825,0.000000e+000,4.042488e-001,-7.867025e+000,2020-06-23T17:02:53.403000,Normal,
826,0.000000e+000,4.045160e-001,-7.861287e+000,2020-06-23T17:02:53.453000,Normal,
827,0.000000e+000,4.045160e-001,-7.861287e+000,2020-06-23T17:02:53.503000,Normal,
828,0.000000e+000,4.014012e-001,-7.928426e+000,2020-06-23T17:02:53.554000,Normal,
829,0.000000e+000,4.014012e-001,-7.928426e+000,2020-06-23T17:02:53.603000,Normal,
830,0.000000e+000,3.989850e-001,-7.980869e+000,2020-06-23T17:02:53.654000,Normal,
831,0.000000e+000,3.989850e-001,-7.980869e+000,2020-06-23T17:02:53.703000,Normal,
832,0.000000e+000,3.965832e-001,-8.033313e+000,2020-06-23T17:02:53.753000,Normal,
833,0.000000e+000,3.965832e-001,-8.033313e+000,2020-06-23T17:02:53.803000,Normal,
834,0.000000e+000,3.935283e-001,-8.100480e+000,2020-06-23T17:02:53.853000,Normal,
835,0.000000e+000,3.935283e-001,-8.100480e+000,2020-06-23T17:02:53.903000,Normal,
836,0.000000e+000,3.913521e-001,-8.148647e+000,2020-06-23T17:02:53.953000,Normal,
837,0.000000e+000,3.913521e-001,-8.148647e+000,2020-06-23T17:02:54.004000,Normal,
838,0.000000e+000,3.900045e-001,-8.178607e+000,2020-06-23T17:02:54.053000,Normal,
839,0.000000e+000,3.900045e-001,-8.178607e+000,2020-06-23T17:02:54.104000,Normal,
840,0.000000e+000,3.897285e-001,-8.184757e+000,2020-06-23T17:02:54.153000,Normal,
841,0.000000e+000,3.897285e-001,-8.184757e+000,2020-06-23T17:02:54.204000,Normal,
842,0.000000e+000,3.919177e-001,-8.136103e+000,2020-06-23T17:02:54.253000,Normal,
843,0.000000e+000,3.919177e-001,-8.136103e+000,2020-06-23T17:02:54.304000,Normal,
844,0.000000e+000,3.941439e-001,-8.086903e+000,2020-06-23T17:02:54.354000,Normal,
845,0.000000e+000,3.941439e-001,-8.086903e+000,2020-06-23T17:02:54.403000,Normal,
846,0.000000e+000,3.919026e-001,-8.136437e+000,2020-06-23T17:02:54.454000,Normal,
847,0.000000e+000,3.919026e-001,-8.136437e+000,2020-06-23T17:02:54.503000,Normal,
848,0.000000e+000,3.877682e-001,-8.228556e+000,2020-06-23T17:02:54.554000,Normal,
849,0.000000e+000,3.877682e-001,-8.228556e+000,2020-06-23T17:02:54.603000,Normal,
850,0.000000e+000,3.886252e-001,-8.209381e+000,2020-06-23T17:02:54.654000,Normal,
851,0.000000e+000,3.886252e-001,-8.209381e+000,2020-06-23T17:02:54.704000,Normal,
852,0.000000e+000,3.950381e-001,-8.067220e+000,2020-06-23T17:02:54.753000,Normal,
853,0.000000e+000,3.950381e-001,-8.067220e+000,2020-06-23T17:02:54.804000,Normal,
854,0.000000e+000,4.004654e-001,-7.948699e+000,2020-06-23T17:02:54.853000,Normal,
855,0.000000e+000,4.004654e-001,-7.948699e+000,2020-06-23T17:02:54.904000,Normal,
856,0.000000e+000,4.010969e-001,-7.935015e+000,2020-06-23T17:02:54.953000,Normal,
857,0.000000e+000,4.010969e-001,-7.935015e+000,2020-06-23T17:02:55.004000,Normal,
858,0.000000e+000,3.993512e-001,-7.972900e+000,2020-06-23T17:02:55.054000,Normal,
859,0.000000e+000,3.993512e-001,-7.972900e+000,2020-06-23T17:02:55.104000,Normal,
860,0.000000e+000,3.978755e-001,-8.005056e+000,2020-06-23T17:02:55.154000,Normal,
861,0.000000e+000,3.978755e-001,-8.005056e+000,2020-06-23T17:02:55.204000,Normal,
862,0.000000e+000,3.968246e-001,-8.028028e+000,2020-06-23T17:02:55.254000,Normal,
863,0.000000e+000,3.968246e-001,-8.028028e+000,2020-06-23T17:02:55.304000,Normal,
864,0.000000e+000,3.960986e-001,-8.043933e+000,2020-06-23T17:02:55.354000,Normal,
865,0.000000e+000,3.960986e-001,-8.043933e+000,2020-06-23T17:02:55.404000,Normal,
866,0.000000e+000,3.958232e-001,-8.049976e+000,2020-06-23T17:02:55.454000,Normal,
867,0.000000e+000,3.958232e-001,-8.049976e+000,2020-06-23T17:02:55.504000,Normal,
868,0.000000e+000,3.965379e-001,-8.034306e+000,2020-06-23T17:02:55.554000,Normal,
869,0.000000e+000,3.965379e-001,-8.034306e+000,2020-06-23T17:02:55.604000,Normal,
870,0.000000e+000,3.985941e-001,-7.989382e+000,2020-06-23T17:02:55.654000,Normal,
871,0.000000e+000,3.985941e-001,-7.989382e+000,2020-06-23T17:02:55.704000,Normal,
872,0.000000e+000,3.995112e-001,-7.969422e+000,2020-06-23T17:02:55.754000,Normal,
873,0.000000e+000,3.995112e-001,-7.969422e+000,2020-06-23T17:02:55.804000,Normal,
874,0.000000e+000,3.965001e-001,-8.035135e+000,2020-06-23T17:02:55.854000,Normal,
875,0.000000e+000,3.965001e-001,-8.035135e+000,2020-06-23T17:02:55.904000,Normal,
876,0.000000e+000,3.933895e-001,-8.103545e+000,2020-06-23T17:02:55.954000,Normal,
877,0.000000e+000,3.933895e-001,-8.103545e+000,2020-06-23T17:02:56.003000,Normal,
878,0.000000e+000,3.952935e-001,-8.061606e+000,2020-06-23T17:02:56.053000,Normal,
879,0.000000e+000,3.952935e-001,-8.061606e+000,2020-06-23T17:02:56.104000,Normal,
880,0.000000e+000,3.974916e-001,-8.013442e+000,2020-06-23T17:02:56.153000,Normal,
881,0.000000e+000,3.974916e-001,-8.013442e+000,2020-06-23T17:02:56.204000,Normal,
882,0.000000e+000,3.947810e-001,-8.072876e+000,2020-06-23T17:02:56.253000,Normal,
883,0.000000e+000,3.947810e-001,-8.072876e+000,2020-06-23T17:02:56.304000,Normal,
884,0.000000e+000,3.918930e-001,-8.136649e+000,2020-06-23T17:02:56.353000,Normal,
885,0.000000e+000,3.918930e-001,-8.136649e+000,2020-06-23T17:02:56.403000,Normal,
886,0.000000e+000,3.941965e-001,-8.085744e+000,2020-06-23T17:02:56.453000,Normal,
887,0.000000e+000,3.941965e-001,-8.085744e+000,2020-06-23T17:02:56.503000,Normal,
888,0.000000e+000,4.000156e-001,-7.958462e+000,2020-06-23T17:02:56.554000,Normal,
889,0.000000e+000,4.000156e-001,-7.958462e+000,2020-06-23T17:02:56.603000,Normal,
890,0.000000e+000,4.040133e-001,-7.872087e+000,2020-06-23T17:02:56.654000,Normal,
891,0.000000e+000,4.040133e-001,-7.872087e+000,2020-06-23T17:02:56.703000,Normal,
892,0.000000e+000,4.014388e-001,-7.927612e+000,2020-06-23T17:02:56.753000,Normal,
893,0.000000e+000,4.014388e-001,-7.927612e+000,2020-06-23T17:02:56.803000,Normal,
894,0.000000e+000,3.926779e-001,-8.119271e+000,2020-06-23T17:02:56.853000,Normal,
895,0.000000e+000,3.926779e-001,-8.119271e+000,2020-06-23T17:02:56.904000,Normal,
896,0.000000e+000,3.854667e-001,-8.280262e+000,2020-06-23T17:02:56.953000,Normal,
897,0.000000e+000,3.854667e-001,-8.280262e+000,2020-06-23T17:02:57.004000,Normal,
898,0.000000e+000,3.855234e-001,-8.278984e+000,2020-06-23T17:02:57.053000,Normal,
899,0.000000e+000,3.855234e-001,-8.278984e+000,2020-06-23T17:02:57.104000,Normal,
900,0.000000e+000,3.896431e-001,-8.186660e+000,2020-06-23T17:02:57.153000,Normal,
901,0.000000e+000,3.896431e-001,-8.186660e+000,2020-06-23T17:02:57.204000,Normal,
902,0.000000e+000,3.930350e-001,-8.111376e+000,2020-06-23T17:02:57.254000,Normal,
903,0.000000e+000,3.930350e-001,-8.111376e+000,2020-06-23T17:02:57.304000,Normal,
904,0.000000e+000,3.942039e-001,-8.085583e+000,2020-06-23T17:02:57.354000,Normal,
905,0.000000e+000,3.942039e-001,-8.085583e+000,2020-06-23T17:02:57.403000,Normal,
906,0.000000e+000,3.942482e-001,-8.084606e+000,2020-06-23T17:02:57.454000,Normal,
907,0.000000e+000,3.942482e-001,-8.084606e+000,2020-06-23T17:02:57.503000,Normal,
908,0.000000e+000,3.951110e-001,-8.065618e+000,2020-06-23T17:02:57.554000,Normal,
909,0.000000e+000,3.951110e-001,-8.065618e+000,2020-06-23T17:02:57.604000,Normal,
910,0.000000e+000,3.966673e-001,-8.031471e+000,2020-06-23T17:02:57.654000,Normal,
911,0.000000e+000,3.966673e-001,-8.031471e+000,2020-06-23T17:02:57.704000,Normal,
912,0.000000e+000,3.984446e-001,-7.992640e+000,2020-06-23T17:02:57.753000,Normal,
913,0.000000e+000,3.984446e-001,-7.992640e+000,2020-06-23T17:02:57.804000,Normal,
914,0.000000e+000,4.008688e-001,-7.939955e+000,2020-06-23T17:02:57.853000,Normal,
915,0.000000e+000,4.008688e-001,-7.939955e+000,2020-06-23T17:02:57.904000,Normal,
916,0.000000e+000,4.021961e-001,-7.911242e+000,2020-06-23T17:02:57.954000,Normal,
917,0.000000e+000,4.021961e-001,-7.911242e+000,2020-06-23T17:02:58.003000,Normal,
918,0.000000e+000,4.003302e-001,-7.951632e+000,2020-06-23T17:02:58.053000,Normal,
919,0.000000e+000,4.003302e-001,-7.951632e+000,2020-06-23T17:02:58.103000,Normal,
920,0.000000e+000,3.968245e-001,-8.028030e+000,2020-06-23T17:02:58.153000,Normal,
921,0.000000e+000,3.968245e-001,-8.028030e+000,2020-06-23T17:02:58.203000,Normal,
922,0.000000e+000,3.944925e-001,-8.079225e+000,2020-06-23T17:02:58.253000,Normal,
923,0.000000e+000,3.944925e-001,-8.079225e+000,2020-06-23T17:02:58.304000,Normal,
924,0.000000e+000,3.934956e-001,-8.101202e+000,2020-06-23T17:02:58.353000,Normal,
925,0.000000e+000,3.934956e-001,-8.101202e+000,2020-06-23T17:02:58.403000,Normal,
926,0.000000e+000,3.928575e-001,-8.115298e+000,2020-06-23T17:02:58.453000,Normal,
927,0.000000e+000,3.928575e-001,-8.115298e+000,2020-06-23T17:02:58.503000,Normal,
928,0.000000e+000,3.914181e-001,-8.147183e+000,2020-06-23T17:02:58.553000,Normal,
929,0.000000e+000,3.914181e-001,-8.147183e+000,2020-06-23T17:02:58.603000,Normal,
930,0.000000e+000,3.894991e-001,-8.189871e+000,2020-06-23T17:02:58.654000,Normal,
931,0.000000e+000,3.894991e-001,-8.189871e+000,2020-06-23T17:02:58.703000,Normal,
932,0.000000e+000,3.881680e-001,-8.219606e+000,2020-06-23T17:02:58.753000,Normal,
933,0.000000e+000,3.881680e-001,-8.219606e+000,2020-06-23T17:02:58.803000,Normal,
934,0.000000e+000,3.871341e-001,-8.242772e+000,2020-06-23T17:02:58.853000,Normal,
935,0.000000e+000,3.871341e-001,-8.242772e+000,2020-06-23T17:02:58.903000,Normal,
936,0.000000e+000,3.878520e-001,-8.226680e+000,2020-06-23T17:02:58.953000,Normal,
937,0.000000e+000,3.878520e-001,-8.226680e+000,2020-06-23T17:02:59.003000,Normal,
938,0.000000e+000,3.926704e-001,-8.119436e+000,2020-06-23T17:02:59.053000,Normal,
939,0.000000e+000,3.926704e-001,-8.119436e+000,2020-06-23T17:02:59.104000,Normal,
940,0.000000e+000,3.987078e-001,-7.986906e+000,2020-06-23T17:02:59.153000,Normal,
941,0.000000e+000,3.987078e-001,-7.986906e+000,2020-06-23T17:02:59.204000,Normal,
942,0.000000e+000,4.011046e-001,-7.934847e+000,2020-06-23T17:02:59.253000,Normal,
943,0.000000e+000,4.011046e-001,-7.934847e+000,2020-06-23T17:02:59.304000,Normal,
944,0.000000e+000,4.005014e-001,-7.947919e+000,2020-06-23T17:02:59.353000,Normal,
945,0.000000e+000,4.005014e-001,-7.947919e+000,2020-06-23T17:02:59.403000,Normal,
946,0.000000e+000,3.983127e-001,-7.995517e+000,2020-06-23T17:02:59.454000,Normal,
947,0.000000e+000,3.983127e-001,-7.995517e+000,2020-06-23T17:02:59.503000,Normal,
948,0.000000e+000,3.943134e-001,-8.083169e+000,2020-06-23T17:02:59.554000,Normal,
949,0.000000e+000,3.943134e-001,-8.083169e+000,2020-06-23T17:02:59.603000,Normal,
950,0.000000e+000,3.912494e-001,-8.150926e+000,2020-06-23T17:02:59.654000,Normal,
951,0.000000e+000,3.912494e-001,-8.150926e+000,2020-06-23T17:02:59.703000,Normal,
952,0.000000e+000,3.922420e-001,-8.128918e+000,2020-06-23T17:02:59.753000,Normal,
953,0.000000e+000,3.922420e-001,-8.128918e+000,2020-06-23T17:02:59.804000,Normal,
954,0.000000e+000,3.951205e-001,-8.065408e+000,2020-06-23T17:02:59.853000,Normal,
955,0.000000e+000,3.951205e-001,-8.065408e+000,2020-06-23T17:02:59.904000,Normal,
956,0.000000e+000,3.978247e-001,-8.006166e+000,2020-06-23T17:02:59.953000,Normal,
957,0.000000e+000,3.978247e-001,-8.006166e+000,2020-06-23T17:03:00.004000,Normal,
958,0.000000e+000,4.012846e-001,-7.930950e+000,2020-06-23T17:03:00.053000,Normal,
959,0.000000e+000,4.012846e-001,-7.930950e+000,2020-06-23T17:03:00.104000,Normal,
960,0.000000e+000,4.035602e-001,-7.881833e+000,2020-06-23T17:03:00.154000,Normal,
961,0.000000e+000,4.035602e-001,-7.881833e+000,2020-06-23T17:03:00.204000,Normal,
962,0.000000e+000,4.019755e-001,-7.916008e+000,2020-06-23T17:03:00.254000,Normal,
963,0.000000e+000,4.019755e-001,-7.916008e+000,2020-06-23T17:03:00.304000,Normal,
964,0.000000e+000,3.988904e-001,-7.982929e+000,2020-06-23T17:03:00.354000,Normal,
965,0.000000e+000,3.988904e-001,-7.982929e+000,2020-06-23T17:03:00.403000,Normal,
966,0.000000e+000,3.980461e-001,-8.001332e+000,2020-06-23T17:03:00.454000,Normal,
967,0.000000e+000,3.980461e-001,-8.001332e+000,2020-06-23T17:03:00.504000,Normal,
968,0.000000e+000,3.975577e-001,-8.011997e+000,2020-06-23T17:03:00.554000,Normal,
969,0.000000e+000,3.975577e-001,-8.011997e+000,2020-06-23T17:03:00.604000,Normal,
970,0.000000e+000,3.940571e-001,-8.088817e+000,2020-06-23T17:03:00.654000,Normal,
971,0.000000e+000,3.940571e-001,-8.088817e+000,2020-06-23T17:03:00.704000,Normal,
972,0.000000e+000,3.902343e-001,-8.173492e+000,2020-06-23T17:03:00.753000,Normal,
973,0.000000e+000,3.902343e-001,-8.173492e+000,2020-06-23T17:03:00.804000,Normal,
974,0.000000e+000,3.909502e-001,-8.157572e+000,2020-06-23T17:03:00.854000,Normal,
975,0.000000e+000,3.909502e-001,-8.157572e+000,2020-06-23T17:03:00.904000,Normal,
976,0.000000e+000,3.937411e-001,-8.095786e+000,2020-06-23T17:03:00.954000,Normal,
977,0.000000e+000,3.937411e-001,-8.095786e+000,2020-06-23T17:03:01.003000,Normal,
978,0.000000e+000,3.926381e-001,-8.120151e+000,2020-06-23T17:03:01.053000,Normal,
979,0.000000e+000,3.926381e-001,-8.120151e+000,2020-06-23T17:03:01.103000,Normal,
980,0.000000e+000,3.893356e-001,-8.193517e+000,2020-06-23T17:03:01.153000,Normal,
981,0.000000e+000,3.893356e-001,-8.193517e+000,2020-06-23T17:03:01.204000,Normal,
982,0.000000e+000,3.903657e-001,-8.170568e+000,2020-06-23T17:03:01.253000,Normal,
983,0.000000e+000,3.903657e-001,-8.170568e+000,2020-06-23T17:03:01.304000,Normal,
984,0.000000e+000,3.946209e-001,-8.076397e+000,2020-06-23T17:03:01.353000,Normal,
985,0.000000e+000,3.946209e-001,-8.076397e+000,2020-06-23T17:03:01.403000,Normal,
986,0.000000e+000,3.954659e-001,-8.057819e+000,2020-06-23T17:03:01.453000,Normal,
987,0.000000e+000,3.954659e-001,-8.057819e+000,2020-06-23T17:03:01.503000,Normal,
988,0.000000e+000,3.916952e-001,-8.141035e+000,2020-06-23T17:03:01.553000,Normal,
989,0.000000e+000,3.916952e-001,-8.141035e+000,2020-06-23T17:03:01.603000,Normal,
990,0.000000e+000,3.898561e-001,-8.181912e+000,2020-06-23T17:03:01.654000,Normal,
991,0.000000e+000,3.898561e-001,-8.181912e+000,2020-06-23T17:03:01.703000,Normal,
992,0.000000e+000,3.942722e-001,-8.084077e+000,2020-06-23T17:03:01.753000,Normal,
993,0.000000e+000,3.942722e-001,-8.084077e+000,2020-06-23T17:03:01.803000,Normal,
994,0.000000e+000,3.987895e-001,-7.985126e+000,2020-06-23T17:03:01.853000,Normal,
995,0.000000e+000,3.987895e-001,-7.985126e+000,2020-06-23T17:03:01.903000,Normal,
996,0.000000e+000,3.981371e-001,-7.999348e+000,2020-06-23T17:03:01.953000,Normal,
997,0.000000e+000,3.981371e-001,-7.999348e+000,2020-06-23T17:03:02.004000,Normal,
998,0.000000e+000,3.970470e-001,-8.023162e+000,2020-06-23T17:03:02.053000,Normal,
999,0.000000e+000,3.970470e-001,-8.023162e+000,2020-06-23T17:03:02.104000,Normal,
1000,0.000000e+000,3.989221e-001,-7.982238e+000,2020-06-23T17:03:02.153000,Normal,
1001,0.000000e+000,3.989221e-001,-7.982238e+000,2020-06-23T17:03:02.204000,Normal,
1002,0.000000e+000,3.985177e-001,-7.991048e+000,2020-06-23T17:03:02.253000,Normal,
1003,0.000000e+000,3.985177e-001,-7.991048e+000,2020-06-23T17:03:02.304000,Normal,
1004,0.000000e+000,3.945370e-001,-8.078246e+000,2020-06-23T17:03:02.354000,Normal,
1005,0.000000e+000,3.945370e-001,-8.078246e+000,2020-06-23T17:03:02.403000,Normal,
1006,0.000000e+000,3.935771e-001,-8.099404e+000,2020-06-23T17:03:02.454000,Normal,
1007,0.000000e+000,3.935771e-001,-8.099404e+000,2020-06-23T17:03:02.503000,Normal,
1008,0.000000e+000,3.975401e-001,-8.012380e+000,2020-06-23T17:03:02.554000,Normal,
1009,0.000000e+000,3.975401e-001,-8.012380e+000,2020-06-23T17:03:02.603000,Normal,
1010,0.000000e+000,4.015092e-001,-7.926089e+000,2020-06-23T17:03:02.654000,Normal,
1011,0.000000e+000,4.015092e-001,-7.926089e+000,2020-06-23T17:03:02.704000,Normal,
1012,0.000000e+000,4.018067e-001,-7.919656e+000,2020-06-23T17:03:02.753000,Normal,
1013,0.000000e+000,4.018067e-001,-7.919656e+000,2020-06-23T17:03:02.804000,Normal,
1014,0.000000e+000,3.987519e-001,-7.985945e+000,2020-06-23T17:03:02.853000,Normal,
1015,0.000000e+000,3.987519e-001,-7.985945e+000,2020-06-23T17:03:02.904000,Normal,
1016,0.000000e+000,3.960520e-001,-8.044955e+000,2020-06-23T17:03:02.953000,Normal,
1017,0.000000e+000,3.960520e-001,-8.044955e+000,2020-06-23T17:03:03.004000,Normal,
1018,0.000000e+000,3.959409e-001,-8.047392e+000,2020-06-23T17:03:03.054000,Normal,
1019,0.000000e+000,3.959409e-001,-8.047392e+000,2020-06-23T17:03:03.104000,Normal,
1020,0.000000e+000,3.974748e-001,-8.013807e+000,2020-06-23T17:03:03.154000,Normal,
1021,0.000000e+000,3.974748e-001,-8.013807e+000,2020-06-23T17:03:03.204000,Normal,
1022,0.000000e+000,3.992851e-001,-7.974338e+000,2020-06-23T17:03:03.254000,Normal,
1023,0.000000e+000,3.992851e-001,-7.974338e+000,2020-06-23T17:03:03.304000,Normal,
1024,0.000000e+000,4.000835e-001,-7.956987e+000,2020-06-23T17:03:03.354000,Normal,
1025,0.000000e+000,4.000835e-001,-7.956987e+000,2020-06-23T17:03:03.404000,Normal,
1026,0.000000e+000,3.989298e-001,-7.982069e+000,2020-06-23T17:03:03.454000,Normal,
1027,0.000000e+000,3.989298e-001,-7.982069e+000,2020-06-23T17:03:03.504000,Normal,
1028,0.000000e+000,3.957834e-001,-8.050849e+000,2020-06-23T17:03:03.554000,Normal,
1029,0.000000e+000,3.957834e-001,-8.050849e+000,2020-06-23T17:03:03.604000,Normal,
1030,0.000000e+000,3.915608e-001,-8.144016e+000,2020-06-23T17:03:03.654000,Normal,
1031,0.000000e+000,3.915608e-001,-8.144016e+000,2020-06-23T17:03:03.704000,Normal,
1032,0.000000e+000,3.877735e-001,-8.228437e+000,2020-06-23T17:03:03.754000,Normal,
1033,0.000000e+000,3.877735e-001,-8.228437e+000,2020-06-23T17:03:03.804000,Normal,
1034,0.000000e+000,3.881437e-001,-8.220149e+000,2020-06-23T17:03:03.854000,Normal,
1035,0.000000e+000,3.881437e-001,-8.220149e+000,2020-06-23T17:03:03.904000,Normal,
1036,0.000000e+000,3.928172e-001,-8.116191e+000,2020-06-23T17:03:03.954000,Normal,
1037,0.000000e+000,3.928172e-001,-8.116191e+000,2020-06-23T17:03:04.003000,Normal,
1038,0.000000e+000,3.966031e-001,-8.032878e+000,2020-06-23T17:03:04.053000,Normal,
1039,0.000000e+000,3.966031e-001,-8.032878e+000,2020-06-23T17:03:04.103000,Normal,
1040,0.000000e+000,3.957189e-001,-8.052264e+000,2020-06-23T17:03:04.153000,Normal,
1041,0.000000e+000,3.957189e-001,-8.052264e+000,2020-06-23T17:03:04.204000,Normal,
1042,0.000000e+000,3.912128e-001,-8.151739e+000,2020-06-23T17:03:04.253000,Normal,
1043,0.000000e+000,3.912128e-001,-8.151739e+000,2020-06-23T17:03:04.304000,Normal,
1044,0.000000e+000,3.872621e-001,-8.239901e+000,2020-06-23T17:03:04.353000,Normal,
1045,0.000000e+000,3.872621e-001,-8.239901e+000,2020-06-23T17:03:04.403000,Normal,
1046,0.000000e+000,3.877091e-001,-8.229879e+000,2020-06-23T17:03:04.453000,Normal,
1047,0.000000e+000,3.877091e-001,-8.229879e+000,2020-06-23T17:03:04.503000,Normal,
1048,0.000000e+000,3.918719e-001,-8.137117e+000,2020-06-23T17:03:04.554000,Normal,
1049,0.000000e+000,3.918719e-001,-8.137117e+000,2020-06-23T17:03:04.603000,Normal,
1050,0.000000e+000,3.951070e-001,-8.065705e+000,2020-06-23T17:03:04.654000,Normal,
1051,0.000000e+000,3.951070e-001,-8.065705e+000,2020-06-23T17:03:04.703000,Normal,
1052,0.000000e+000,3.951197e-001,-8.065427e+000,2020-06-23T17:03:04.753000,Normal,
1053,0.000000e+000,3.951197e-001,-8.065427e+000,2020-06-23T17:03:04.803000,Normal,
1054,0.000000e+000,3.929413e-001,-8.113446e+000,2020-06-23T17:03:04.853000,Normal,
1055,0.000000e+000,3.929413e-001,-8.113446e+000,2020-06-23T17:03:04.904000,Normal,
1056,0.000000e+000,3.908802e-001,-8.159126e+000,2020-06-23T17:03:04.953000,Normal,
1057,0.000000e+000,3.908802e-001,-8.159126e+000,2020-06-23T17:03:05.004000,Normal,
1058,0.000000e+000,3.904280e-001,-8.169181e+000,2020-06-23T17:03:05.053000,Normal,
1059,0.000000e+000,3.904280e-001,-8.169181e+000,2020-06-23T17:03:05.104000,Normal,
1060,0.000000e+000,3.910516e-001,-8.155318e+000,2020-06-23T17:03:05.153000,Normal,
1061,0.000000e+000,3.910516e-001,-8.155318e+000,2020-06-23T17:03:05.204000,Normal,
1062,0.000000e+000,3.912761e-001,-8.150333e+000,2020-06-23T17:03:05.254000,Normal,
1063,0.000000e+000,3.912761e-001,-8.150333e+000,2020-06-23T17:03:05.304000,Normal,
1064,0.000000e+000,3.918591e-001,-8.137402e+000,2020-06-23T17:03:05.354000,Normal,
1065,0.000000e+000,3.918591e-001,-8.137402e+000,2020-06-23T17:03:05.403000,Normal,
1066,0.000000e+000,3.948778e-001,-8.070745e+000,2020-06-23T17:03:05.454000,Normal,
1067,0.000000e+000,3.948778e-001,-8.070745e+000,2020-06-23T17:03:05.503000,Normal,
1068,0.000000e+000,3.981340e-001,-7.999415e+000,2020-06-23T17:03:05.554000,Normal,
1069,0.000000e+000,3.981340e-001,-7.999415e+000,2020-06-23T17:03:05.604000,Normal,
1070,0.000000e+000,3.984933e-001,-7.991581e+000,2020-06-23T17:03:05.654000,Normal,
1071,0.000000e+000,3.984933e-001,-7.991581e+000,2020-06-23T17:03:05.704000,Normal,
1072,0.000000e+000,3.972345e-001,-8.019061e+000,2020-06-23T17:03:05.753000,Normal,
1073,0.000000e+000,3.972345e-001,-8.019061e+000,2020-06-23T17:03:05.804000,Normal,
1074,0.000000e+000,3.957560e-001,-8.051449e+000,2020-06-23T17:03:05.853000,Normal,
1075,0.000000e+000,3.957560e-001,-8.051449e+000,2020-06-23T17:03:05.904000,Normal,
1076,0.000000e+000,3.933838e-001,-8.103670e+000,2020-06-23T17:03:05.954000,Normal,
1077,0.000000e+000,3.933838e-001,-8.103670e+000,2020-06-23T17:03:06.004000,Normal,
1078,0.000000e+000,3.917675e-001,-8.139432e+000,2020-06-23T17:03:06.054000,Normal,
1079,0.000000e+000,3.917675e-001,-8.139432e+000,2020-06-23T17:03:06.104000,Normal,
1080,0.000000e+000,3.926247e-001,-8.120447e+000,2020-06-23T17:03:06.154000,Normal,
1081,0.000000e+000,3.926247e-001,-8.120447e+000,2020-06-23T17:03:06.204000,Normal,
1082,0.000000e+000,3.942356e-001,-8.084883e+000,2020-06-23T17:03:06.254000,Normal,
1083,0.000000e+000,3.942356e-001,-8.084883e+000,2020-06-23T17:03:06.304000,Normal,
1084,0.000000e+000,3.961504e-001,-8.042798e+000,2020-06-23T17:03:06.354000,Normal,
1085,0.000000e+000,3.961504e-001,-8.042798e+000,2020-06-23T17:03:06.404000,Normal,
1086,0.000000e+000,3.983840e-001,-7.993962e+000,2020-06-23T17:03:06.454000,Normal,
1087,0.000000e+000,3.983840e-001,-7.993962e+000,2020-06-23T17:03:06.504000,Normal,
1088,0.000000e+000,3.979677e-001,-8.003044e+000,2020-06-23T17:03:06.554000,Normal,
1089,0.000000e+000,3.979677e-001,-8.003044e+000,2020-06-23T17:03:06.604000,Normal,
1090,0.000000e+000,3.934551e-001,-8.102097e+000,2020-06-23T17:03:06.654000,Normal,
1091,0.000000e+000,3.934551e-001,-8.102097e+000,2020-06-23T17:03:06.704000,Normal,
1092,0.000000e+000,3.883732e-001,-8.215014e+000,2020-06-23T17:03:06.754000,Normal,
1093,0.000000e+000,3.883732e-001,-8.215014e+000,2020-06-23T17:03:06.804000,Normal,
1094,0.000000e+000,3.871758e-001,-8.241836e+000,2020-06-23T17:03:06.854000,Normal,
1095,0.000000e+000,3.871758e-001,-8.241836e+000,2020-06-23T17:03:06.904000,Normal,
1096,0.000000e+000,3.899519e-001,-8.179780e+000,2020-06-23T17:03:06.954000,Normal,
1097,0.000000e+000,3.899519e-001,-8.179780e+000,2020-06-23T17:03:07.003000,Normal,
1098,0.000000e+000,3.934992e-001,-8.101122e+000,2020-06-23T17:03:07.053000,Normal,
1099,0.000000e+000,3.934992e-001,-8.101122e+000,2020-06-23T17:03:07.104000,Normal,
1100,0.000000e+000,3.967454e-001,-8.029763e+000,2020-06-23T17:03:07.153000,Normal,
1101,0.000000e+000,3.967454e-001,-8.029763e+000,2020-06-23T17:03:07.204000,Normal,
1102,0.000000e+000,3.992590e-001,-7.974905e+000,2020-06-23T17:03:07.253000,Normal,
1103,0.000000e+000,3.992590e-001,-7.974905e+000,2020-06-23T17:03:07.304000,Normal,
1104,0.000000e+000,3.989033e-001,-7.982647e+000,2020-06-23T17:03:07.353000,Normal,
1105,0.000000e+000,3.989033e-001,-7.982647e+000,2020-06-23T17:03:07.403000,Normal,
1106,0.000000e+000,3.968694e-001,-8.027047e+000,2020-06-23T17:03:07.454000,Normal,
1107,0.000000e+000,3.968694e-001,-8.027047e+000,2020-06-23T17:03:07.503000,Normal,
1108,0.000000e+000,3.972834e-001,-8.017991e+000,2020-06-23T17:03:07.554000,Normal,
1109,0.000000e+000,3.972834e-001,-8.017991e+000,2020-06-23T17:03:07.603000,Normal,
1110,0.000000e+000,3.984385e-001,-7.992774e+000,2020-06-23T17:03:07.654000,Normal,
1111,0.000000e+000,3.984385e-001,-7.992774e+000,2020-06-23T17:03:07.703000,Normal,
1112,0.000000e+000,3.969100e-001,-8.026159e+000,2020-06-23T17:03:07.753000,Normal,
1113,0.000000e+000,3.969100e-001,-8.026159e+000,2020-06-23T17:03:07.804000,Normal,
1114,0.000000e+000,3.954616e-001,-8.057913e+000,2020-06-23T17:03:07.853000,Normal,
1115,0.000000e+000,3.954616e-001,-8.057913e+000,2020-06-23T17:03:07.904000,Normal,
1116,0.000000e+000,3.960993e-001,-8.043920e+000,2020-06-23T17:03:07.953000,Normal,
1117,0.000000e+000,3.960993e-001,-8.043920e+000,2020-06-23T17:03:08.004000,Normal,
1118,0.000000e+000,3.963651e-001,-8.038091e+000,2020-06-23T17:03:08.053000,Normal,
1119,0.000000e+000,3.963651e-001,-8.038091e+000,2020-06-23T17:03:08.104000,Normal,
1120,0.000000e+000,3.957493e-001,-8.051597e+000,2020-06-23T17:03:08.154000,Normal,
1121,0.000000e+000,3.957493e-001,-8.051597e+000,2020-06-23T17:03:08.204000,Normal,
1122,0.000000e+000,3.954703e-001,-8.057723e+000,2020-06-23T17:03:08.254000,Normal,
1123,0.000000e+000,3.954703e-001,-8.057723e+000,2020-06-23T17:03:08.304000,Normal,
1124,0.000000e+000,3.953693e-001,-8.059942e+000,2020-06-23T17:03:08.354000,Normal,
1125,0.000000e+000,3.953693e-001,-8.059942e+000,2020-06-23T17:03:08.403000,Normal,
1126,0.000000e+000,3.947871e-001,-8.072741e+000,2020-06-23T17:03:08.454000,Normal,
1127,0.000000e+000,3.947871e-001,-8.072741e+000,2020-06-23T17:03:08.504000,Normal,
1128,0.000000e+000,3.939403e-001,-8.091392e+000,2020-06-23T17:03:08.554000,Normal,
1129,0.000000e+000,3.939403e-001,-8.091392e+000,2020-06-23T17:03:08.604000,Normal,
1130,0.000000e+000,3.928272e-001,-8.115969e+000,2020-06-23T17:03:08.654000,Normal,
1131,0.000000e+000,3.928272e-001,-8.115969e+000,2020-06-23T17:03:08.704000,Normal,
1132,0.000000e+000,3.913587e-001,-8.148500e+000,2020-06-23T17:03:08.753000,Normal,
1133,0.000000e+000,3.913587e-001,-8.148500e+000,2020-06-23T17:03:08.804000,Normal,
1134,0.000000e+000,3.912110e-001,-8.151778e+000,2020-06-23T17:03:08.854000,Normal,
1135,0.000000e+000,3.912110e-001,-8.151778e+000,2020-06-23T17:03:08.904000,Normal,
1136,0.000000e+000,3.933281e-001,-8.104901e+000,2020-06-23T17:03:08.954000,Normal,
1137,0.000000e+000,3.933281e-001,-8.104901e+000,2020-06-23T17:03:09.003000,Normal,
1138,0.000000e+000,3.947253e-001,-8.074100e+000,2020-06-23T17:03:09.053000,Normal,
1139,0.000000e+000,3.947253e-001,-8.074100e+000,2020-06-23T17:03:09.103000,Normal,
1140,0.000000e+000,3.918332e-001,-8.137976e+000,2020-06-23T17:03:09.153000,Normal,
1141,0.000000e+000,3.918332e-001,-8.137976e+000,2020-06-23T17:03:09.203000,Normal,
1142,0.000000e+000,3.867990e-001,-8.250294e+000,2020-06-23T17:03:09.253000,Normal,
1143,0.000000e+000,3.867990e-001,-8.250294e+000,2020-06-23T17:03:09.304000,Normal,
1144,0.000000e+000,3.855333e-001,-8.278762e+000,2020-06-23T17:03:09.353000,Normal,
1145,0.000000e+000,3.855333e-001,-8.278762e+000,2020-06-23T17:03:09.403000,Normal,
1146,0.000000e+000,3.880233e-001,-8.222844e+000,2020-06-23T17:03:09.453000,Normal,
1147,0.000000e+000,3.880233e-001,-8.222844e+000,2020-06-23T17:03:09.503000,Normal,
1148,0.000000e+000,3.903420e-001,-8.171094e+000,2020-06-23T17:03:09.553000,Normal,
1149,0.000000e+000,3.903420e-001,-8.171094e+000,2020-06-23T17:03:09.603000,Normal,
1150,0.000000e+000,3.908494e-001,-8.159812e+000,2020-06-23T17:03:09.654000,Normal,
1151,0.000000e+000,3.908494e-001,-8.159812e+000,2020-06-23T17:03:09.703000,Normal,
1152,0.000000e+000,3.899954e-001,-8.178810e+000,2020-06-23T17:03:09.753000,Normal,
1153,0.000000e+000,3.899954e-001,-8.178810e+000,2020-06-23T17:03:09.803000,Normal,
1154,0.000000e+000,3.890929e-001,-8.198933e+000,2020-06-23T17:03:09.853000,Normal,
1155,0.000000e+000,3.890929e-001,-8.198933e+000,2020-06-23T17:03:09.903000,Normal,
1156,0.000000e+000,3.912555e-001,-8.150792e+000,2020-06-23T17:03:09.953000,Normal,
1157,0.000000e+000,3.912555e-001,-8.150792e+000,2020-06-23T17:03:10.004000,Normal,
1158,0.000000e+000,3.971482e-001,-8.020947e+000,2020-06-23T17:03:10.053000,Normal,
1159,0.000000e+000,3.971482e-001,-8.020947e+000,2020-06-23T17:03:10.104000,Normal,
1160,0.000000e+000,4.007610e-001,-7.942290e+000,2020-06-23T17:03:10.153000,Normal,
1161,0.000000e+000,4.007610e-001,-7.942290e+000,2020-06-23T17:03:10.204000,Normal,
1162,0.000000e+000,3.973421e-001,-8.016708e+000,2020-06-23T17:03:10.253000,Normal,
1163,0.000000e+000,3.973421e-001,-8.016708e+000,2020-06-23T17:03:10.304000,Normal,
1164,0.000000e+000,3.906288e-001,-8.164714e+000,2020-06-23T17:03:10.354000,Normal,
1165,0.000000e+000,3.906288e-001,-8.164714e+000,2020-06-23T17:03:10.403000,Normal,
1166,0.000000e+000,3.877210e-001,-8.229614e+000,2020-06-23T17:03:10.454000,Normal,
1167,0.000000e+000,3.877210e-001,-8.229614e+000,2020-06-23T17:03:10.503000,Normal,
1168,0.000000e+000,3.903366e-001,-8.171215e+000,2020-06-23T17:03:10.554000,Normal,
1169,0.000000e+000,3.903366e-001,-8.171215e+000,2020-06-23T17:03:10.603000,Normal,
1170,0.000000e+000,3.938009e-001,-8.094466e+000,2020-06-23T17:03:10.654000,Normal,
1171,0.000000e+000,3.938009e-001,-8.094466e+000,2020-06-23T17:03:10.704000,Normal,
1172,0.000000e+000,3.932267e-001,-8.107139e+000,2020-06-23T17:03:10.753000,Normal,
1173,0.000000e+000,3.932267e-001,-8.107139e+000,2020-06-23T17:03:10.804000,Normal,
1174,0.000000e+000,3.901260e-001,-8.175901e+000,2020-06-23T17:03:10.853000,Normal,
1175,0.000000e+000,3.901260e-001,-8.175901e+000,2020-06-23T17:03:10.904000,Normal,
1176,0.000000e+000,3.883069e-001,-8.216498e+000,2020-06-23T17:03:10.953000,Normal,
1177,0.000000e+000,3.883069e-001,-8.216498e+000,2020-06-23T17:03:11.004000,Normal,
1178,0.000000e+000,3.883866e-001,-8.214715e+000,2020-06-23T17:03:11.054000,Normal,
1179,0.000000e+000,3.883866e-001,-8.214715e+000,2020-06-23T17:03:11.104000,Normal,
1180,0.000000e+000,3.897112e-001,-8.185143e+000,2020-06-23T17:03:11.154000,Normal,
1181,0.000000e+000,3.897112e-001,-8.185143e+000,2020-06-23T17:03:11.204000,Normal,
1182,0.000000e+000,3.925245e-001,-8.122664e+000,2020-06-23T17:03:11.254000,Normal,
1183,0.000000e+000,3.925245e-001,-8.122664e+000,2020-06-23T17:03:11.304000,Normal,
1184,0.000000e+000,3.942451e-001,-8.084673e+000,2020-06-23T17:03:11.354000,Normal,
1185,0.000000e+000,3.942451e-001,-8.084673e+000,2020-06-23T17:03:11.404000,Normal,
1186,0.000000e+000,3.911431e-001,-8.153286e+000,2020-06-23T17:03:11.454000,Normal,
1187,0.000000e+000,3.911431e-001,-8.153286e+000,2020-06-23T17:03:11.504000,Normal,
1188,0.000000e+000,3.848681e-001,-8.293762e+000,2020-06-23T17:03:11.554000,Normal,
1189,0.000000e+000,3.848681e-001,-8.293762e+000,2020-06-23T17:03:11.604000,Normal,
1190,0.000000e+000,3.801930e-001,-8.399917e+000,2020-06-23T17:03:11.654000,Normal,
1191,0.000000e+000,3.801930e-001,-8.399917e+000,2020-06-23T17:03:11.704000,Normal,
1192,0.000000e+000,3.813525e-001,-8.373467e+000,2020-06-23T17:03:11.753000,Normal,
1193,0.000000e+000,3.813525e-001,-8.373467e+000,2020-06-23T17:03:11.804000,Normal,
